{
    "model": {
      "type": "range_dispatch",
      "property": "custom_model_data",
      "entries": [
        {
          "threshold": 4434,
          "model": {
            "type": "model",
            "model": "item/ticket"
          }
        },
        {
          "threshold": 4435,
          "model": {
            "type": "model",
            "model": "item/on"
          }
        },
        {
          "threshold": 4436,
          "model": {
            "type": "model",
            "model": "item/off"
          }
        }
    ],
    "fallback": {
      "type": "model",
      "model": "item/paper"
    }
  }
}