{
	"credit": "Made with Blockbench",
	"texture_size": [128, 128],
	"textures": {
		"1": "block/texture"
	},
	"elements": [
		{
			"from": [-5, -0.61606, 10.82472],
			"to": [1, 1.58394, 15.02472],
			"rotation": {"angle": 0, "axis": "y", "origin": [-1, -0.51606, 10.92472]},
			"faces": {
				"north": {"uv": [14, 0.75, 14.75, 1], "texture": "#1"},
				"east": {"uv": [4.875, 14.375, 5.375, 14.625], "texture": "#1"},
				"south": {"uv": [14, 1, 14.75, 1.25], "texture": "#1"},
				"west": {"uv": [8.75, 14.5, 9.25, 14.75], "texture": "#1"},
				"up": {"uv": [10, 12.875, 9.25, 12.375], "texture": "#1"},
				"down": {"uv": [13.25, 0.5, 12.5, 1], "texture": "#1"}
			}
		},
		{
			"from": [-5, 11.04955, 10.82472],
			"to": [1, 13.24955, 15.02472],
			"rotation": {"angle": 0, "axis": "y", "origin": [-1, 11.14955, 10.92472]},
			"faces": {
				"north": {"uv": [0, 14.125, 0.75, 14.375], "texture": "#1"},
				"east": {"uv": [4.875, 14.625, 5.375, 14.875], "texture": "#1"},
				"south": {"uv": [14.125, 0, 14.875, 0.25], "texture": "#1"},
				"west": {"uv": [14.625, 7.625, 15.125, 7.875], "texture": "#1"},
				"up": {"uv": [1.75, 13.125, 1, 12.625], "texture": "#1"},
				"down": {"uv": [7, 12.625, 6.25, 13.125], "texture": "#1"}
			}
		},
		{
			"from": [-5, 7.42913, 13.62392],
			"to": [1, 9.62913, 16.82392],
			"rotation": {"angle": 22.5, "axis": "x", "origin": [-3, 9.52913, 23.42488]},
			"faces": {
				"north": {"uv": [14, 12.375, 14.75, 12.625], "texture": "#1"},
				"east": {"uv": [11.375, 13, 11.75, 13.25], "texture": "#1"},
				"south": {"uv": [14, 13.875, 14.75, 14.125], "texture": "#1"},
				"west": {"uv": [14.625, 9, 15, 9.25], "texture": "#1"},
				"up": {"uv": [13.75, 13.5, 13, 13.125], "texture": "#1"},
				"down": {"uv": [14, 0.5, 13.25, 0.875], "texture": "#1"}
			}
		},
		{
			"from": [-5, 11.83001, 14.50401],
			"to": [1, 15.03001, 16.70401],
			"rotation": {"angle": -45, "axis": "x", "origin": [-1, 13.93001, 19.83087]},
			"faces": {
				"north": {"uv": [13.125, 10.875, 13.875, 11.25], "texture": "#1"},
				"east": {"uv": [14, 14.625, 14.25, 15], "texture": "#1"},
				"south": {"uv": [12.25, 13.125, 13, 13.5], "texture": "#1"},
				"west": {"uv": [14.25, 14.625, 14.5, 15], "texture": "#1"},
				"up": {"uv": [14.75, 11.375, 14, 11.125], "texture": "#1"},
				"down": {"uv": [14.75, 11.375, 14, 11.625], "texture": "#1"}
			}
		},
		{
			"from": [-5, 7.94226, 16.91647],
			"to": [1, 11.14226, 19.11647],
			"rotation": {"angle": -22.5, "axis": "x", "origin": [-1, 10.04226, 19.90524]},
			"faces": {
				"north": {"uv": [13.125, 9.25, 13.875, 9.625], "texture": "#1"},
				"east": {"uv": [13.5, 14.625, 13.75, 15], "texture": "#1"},
				"south": {"uv": [9.75, 13.125, 10.5, 13.5], "texture": "#1"},
				"west": {"uv": [13.75, 14.625, 14, 15], "texture": "#1"},
				"up": {"uv": [9, 14.25, 8.25, 14], "texture": "#1"},
				"down": {"uv": [11.875, 14, 11.125, 14.25], "texture": "#1"}
			}
		},
		{
			"from": [-5, 4.21675, 17.65752],
			"to": [1, 8.41675, 19.85752],
			"rotation": {"angle": 0, "axis": "x", "origin": [-1, 4.31675, 19.75752]},
			"faces": {
				"north": {"uv": [12.5, 1, 13.25, 1.5], "texture": "#1"},
				"east": {"uv": [11.625, 14.25, 11.875, 14.75], "texture": "#1"},
				"south": {"uv": [11, 12.5, 11.75, 13], "texture": "#1"},
				"west": {"uv": [10.25, 14.5, 10.5, 15], "texture": "#1"},
				"up": {"uv": [14.75, 7.375, 14, 7.125], "texture": "#1"},
				"down": {"uv": [8.25, 14, 7.5, 14.25], "texture": "#1"}
			}
		},
		{
			"from": [15.1, 8.3, 2.2],
			"to": [22.6, 9, 10.6],
			"rotation": {"angle": -22.5, "axis": "x", "origin": [15.1, 18.3, -3.8]},
			"faces": {
				"north": {"uv": [14.875, 0.375, 15.8125, 0.4375], "texture": "#1"},
				"east": {"uv": [14.25, 10.25, 15.3125, 10.3125], "texture": "#1"},
				"south": {"uv": [14.875, 10.625, 15.8125, 10.6875], "texture": "#1"},
				"west": {"uv": [14.5, 8.625, 15.5625, 8.6875], "texture": "#1"},
				"up": {"uv": [8.6875, 10.8125, 7.75, 9.75], "texture": "#1"},
				"down": {"uv": [9.6875, 9.75, 8.75, 10.8125], "texture": "#1"}
			}
		},
		{
			"from": [15.1, 14.51856, 13.06282],
			"to": [22.6, 15.21856, 17.56282],
			"rotation": {"angle": 0, "axis": "y", "origin": [14.1, 24.51856, 7.06282]},
			"faces": {
				"north": {"uv": [14.875, 10.75, 15.8125, 10.8125], "texture": "#1"},
				"east": {"uv": [3.125, 13.125, 3.6875, 13.1875], "texture": "#1"},
				"south": {"uv": [14.875, 11.5, 15.8125, 11.5625], "texture": "#1"},
				"west": {"uv": [3.875, 13.25, 4.4375, 13.3125], "texture": "#1"},
				"up": {"uv": [12.6875, 2.9375, 11.75, 2.375], "texture": "#1"},
				"down": {"uv": [3.5625, 11.75, 2.625, 12.3125], "texture": "#1"}
			}
		},
		{
			"from": [15.1, 12.99937, 24.6],
			"to": [22.6, 13.69937, 30.1],
			"rotation": {"angle": 45, "axis": "x", "origin": [14.1, 22.99937, 22.9342]},
			"faces": {
				"north": {"uv": [14.875, 14.75, 15.8125, 14.8125], "texture": "#1"},
				"east": {"uv": [12.875, 4.75, 13.5625, 4.8125], "texture": "#1"},
				"south": {"uv": [15, 0.75, 15.9375, 0.8125], "texture": "#1"},
				"west": {"uv": [15, 7, 15.6875, 7.0625], "texture": "#1"},
				"up": {"uv": [1.5625, 12.0625, 0.625, 11.375], "texture": "#1"},
				"down": {"uv": [2.5625, 11.375, 1.625, 12.0625], "texture": "#1"}
			}
		},
		{
			"from": [15.9, 1.3, 8.1],
			"to": [20.9, 11.4, 17.9],
			"rotation": {"angle": 0, "axis": "y", "origin": [18.9, 1.3, 11.1]},
			"faces": {
				"north": {"uv": [4.25, 10.5, 4.875, 11.75], "texture": "#1"},
				"east": {"uv": [4.375, 9.25, 5.625, 10.5], "texture": "#1"},
				"south": {"uv": [4.875, 10.5, 5.5, 11.75], "texture": "#1"},
				"west": {"uv": [4.4375, 9.25, 5.6875, 10.5], "texture": "#1"},
				"up": {"uv": [11.125, 9.25, 10.5, 8], "texture": "#1"},
				"down": {"uv": [0.625, 10.625, 0, 11.875], "texture": "#1"}
			}
		},
		{
			"from": [15, 7.94226, 16.91647],
			"to": [21, 11.14226, 19.11647],
			"rotation": {"angle": -22.5, "axis": "x", "origin": [19, 10.04226, 19.90524]},
			"faces": {
				"north": {"uv": [13.125, 9.25, 13.875, 9.625], "texture": "#1"},
				"east": {"uv": [13.5, 14.625, 13.75, 15], "texture": "#1"},
				"south": {"uv": [9.75, 13.125, 10.5, 13.5], "texture": "#1"},
				"west": {"uv": [13.75, 14.625, 14, 15], "texture": "#1"},
				"up": {"uv": [9, 14.25, 8.25, 14], "texture": "#1"},
				"down": {"uv": [11.875, 14, 11.125, 14.25], "texture": "#1"}
			}
		},
		{
			"from": [15, 11.83001, 14.50401],
			"to": [21, 15.03001, 16.70401],
			"rotation": {"angle": -45, "axis": "x", "origin": [19, 13.93001, 19.83087]},
			"faces": {
				"north": {"uv": [13.125, 10.875, 13.875, 11.25], "texture": "#1"},
				"east": {"uv": [14, 14.625, 14.25, 15], "texture": "#1"},
				"south": {"uv": [12.25, 13.125, 13, 13.5], "texture": "#1"},
				"west": {"uv": [14.25, 14.625, 14.5, 15], "texture": "#1"},
				"up": {"uv": [14.75, 11.375, 14, 11.125], "texture": "#1"},
				"down": {"uv": [14.75, 11.375, 14, 11.625], "texture": "#1"}
			}
		},
		{
			"from": [15, 7.42913, 13.62392],
			"to": [21, 9.62913, 16.82392],
			"rotation": {"angle": 22.5, "axis": "x", "origin": [17, 9.52913, 23.42488]},
			"faces": {
				"north": {"uv": [14, 12.375, 14.75, 12.625], "texture": "#1"},
				"east": {"uv": [11.375, 13, 11.75, 13.25], "texture": "#1"},
				"south": {"uv": [14, 13.875, 14.75, 14.125], "texture": "#1"},
				"west": {"uv": [14.625, 9, 15, 9.25], "texture": "#1"},
				"up": {"uv": [13.75, 13.5, 13, 13.125], "texture": "#1"},
				"down": {"uv": [14, 0.5, 13.25, 0.875], "texture": "#1"}
			}
		},
		{
			"from": [15, 11.04955, 10.82472],
			"to": [21, 13.24955, 15.02472],
			"rotation": {"angle": 0, "axis": "y", "origin": [19, 11.14955, 10.92472]},
			"faces": {
				"north": {"uv": [0, 14.125, 0.75, 14.375], "texture": "#1"},
				"east": {"uv": [4.875, 14.625, 5.375, 14.875], "texture": "#1"},
				"south": {"uv": [14.125, 0, 14.875, 0.25], "texture": "#1"},
				"west": {"uv": [14.625, 7.625, 15.125, 7.875], "texture": "#1"},
				"up": {"uv": [1.75, 13.125, 1, 12.625], "texture": "#1"},
				"down": {"uv": [7, 12.625, 6.25, 13.125], "texture": "#1"}
			}
		},
		{
			"from": [15, 10.91108, 9.12856],
			"to": [21, 13.11108, 12.32856],
			"rotation": {"angle": -22.5, "axis": "x", "origin": [19, 11.01108, 11.22856]},
			"faces": {
				"north": {"uv": [14.125, 0.25, 14.875, 0.5], "texture": "#1"},
				"east": {"uv": [14.5, 14.625, 14.875, 14.875], "texture": "#1"},
				"south": {"uv": [0.75, 14.125, 1.5, 14.375], "texture": "#1"},
				"west": {"uv": [14.75, 0.5, 15.125, 0.75], "texture": "#1"},
				"up": {"uv": [14, 1.25, 13.25, 0.875], "texture": "#1"},
				"down": {"uv": [3.875, 13.25, 3.125, 13.625], "texture": "#1"}
			}
		},
		{
			"from": [15, 8.13406, 7.61451],
			"to": [21, 11.33406, 9.81451],
			"rotation": {"angle": 45, "axis": "x", "origin": [19, 10.23406, 9.71451]},
			"faces": {
				"north": {"uv": [7.5, 13.25, 8.25, 13.625], "texture": "#1"},
				"east": {"uv": [14.75, 0.75, 15, 1.125], "texture": "#1"},
				"south": {"uv": [8.25, 13.25, 9, 13.625], "texture": "#1"},
				"west": {"uv": [14.75, 1.125, 15, 1.5], "texture": "#1"},
				"up": {"uv": [3.875, 14.375, 3.125, 14.125], "texture": "#1"},
				"down": {"uv": [4.625, 14.125, 3.875, 14.375], "texture": "#1"}
			}
		},
		{
			"from": [15, 6.83678, 6.51307],
			"to": [21, 10.03678, 8.71307],
			"rotation": {"angle": 22.5, "axis": "x", "origin": [19, 8.93678, 8.61307]},
			"faces": {
				"north": {"uv": [13.25, 11.25, 14, 11.625], "texture": "#1"},
				"east": {"uv": [2.375, 14.75, 2.625, 15.125], "texture": "#1"},
				"south": {"uv": [11.375, 13.25, 12.125, 13.625], "texture": "#1"},
				"west": {"uv": [2.625, 14.75, 2.875, 15.125], "texture": "#1"},
				"up": {"uv": [14.875, 6.875, 14.125, 6.625], "texture": "#1"},
				"down": {"uv": [14.875, 10.625, 14.125, 10.875], "texture": "#1"}
			}
		},
		{
			"from": [15, 4.21675, 5.99191],
			"to": [21, 8.41675, 8.19191],
			"rotation": {"angle": 0, "axis": "y", "origin": [19, 4.31675, 8.09191]},
			"faces": {
				"north": {"uv": [12.625, 6.625, 13.375, 7.125], "texture": "#1"},
				"east": {"uv": [10.5, 14.5, 10.75, 15], "texture": "#1"},
				"south": {"uv": [12.625, 8, 13.375, 8.5], "texture": "#1"},
				"west": {"uv": [12.75, 14.625, 13, 15.125], "texture": "#1"},
				"up": {"uv": [13.5, 14.375, 12.75, 14.125], "texture": "#1"},
				"down": {"uv": [14.25, 14.125, 13.5, 14.375], "texture": "#1"}
			}
		},
		{
			"from": [15, 2.86071, 6.06273],
			"to": [21, 6.06071, 8.26273],
			"rotation": {"angle": -22.5, "axis": "x", "origin": [19, 4.96071, 9.0515]},
			"faces": {
				"north": {"uv": [13.25, 12.375, 14, 12.75], "texture": "#1"},
				"east": {"uv": [14.75, 2.625, 15, 3], "texture": "#1"},
				"south": {"uv": [0, 13.375, 0.75, 13.75], "texture": "#1"},
				"west": {"uv": [2.875, 14.75, 3.125, 15.125], "texture": "#1"},
				"up": {"uv": [3.125, 14.5, 2.375, 14.25], "texture": "#1"},
				"down": {"uv": [15, 3.125, 14.25, 3.375], "texture": "#1"}
			}
		},
		{
			"from": [15, 3.28828, 5.96228],
			"to": [21, 6.48828, 8.16228],
			"rotation": {"angle": -45, "axis": "x", "origin": [19, 5.38828, 11.28914]},
			"faces": {
				"north": {"uv": [0.75, 13.375, 1.5, 13.75], "texture": "#1"},
				"east": {"uv": [14.75, 5, 15, 5.375], "texture": "#1"},
				"south": {"uv": [3.875, 13.375, 4.625, 13.75], "texture": "#1"},
				"west": {"uv": [14.75, 5.375, 15, 5.75], "texture": "#1"},
				"up": {"uv": [7, 14.5, 6.25, 14.25], "texture": "#1"},
				"down": {"uv": [7.75, 14.25, 7, 14.5], "texture": "#1"}
			}
		},
		{
			"from": [15, -3.42462, 8.54236],
			"to": [21, -1.22462, 11.74236],
			"rotation": {"angle": 22.5, "axis": "x", "origin": [19, -1.32462, 18.34332]},
			"faces": {
				"north": {"uv": [7.75, 14.25, 8.5, 14.5], "texture": "#1"},
				"east": {"uv": [14.75, 1.5, 15.125, 1.75], "texture": "#1"},
				"south": {"uv": [8.5, 14.25, 9.25, 14.5], "texture": "#1"},
				"west": {"uv": [5.75, 14.75, 6.125, 15], "texture": "#1"},
				"up": {"uv": [5.375, 13.75, 4.625, 13.375], "texture": "#1"},
				"down": {"uv": [14.125, 6.625, 13.375, 7], "texture": "#1"}
			}
		},
		{
			"from": [15, -0.61606, 10.82472],
			"to": [21, 1.58394, 15.02472],
			"rotation": {"angle": 0, "axis": "y", "origin": [19, -0.51606, 10.92472]},
			"faces": {
				"north": {"uv": [14, 0.75, 14.75, 1], "texture": "#1"},
				"east": {"uv": [4.875, 14.375, 5.375, 14.625], "texture": "#1"},
				"south": {"uv": [14, 1, 14.75, 1.25], "texture": "#1"},
				"west": {"uv": [8.75, 14.5, 9.25, 14.75], "texture": "#1"},
				"up": {"uv": [10, 12.875, 9.25, 12.375], "texture": "#1"},
				"down": {"uv": [13.25, 0.5, 12.5, 1], "texture": "#1"}
			}
		},
		{
			"from": [15, 0.05734, 14.21012],
			"to": [21, 2.25734, 17.41012],
			"rotation": {"angle": -22.5, "axis": "x", "origin": [19, 0.15734, 16.31012]},
			"faces": {
				"north": {"uv": [11.75, 3, 12.5, 3.25], "texture": "#1"},
				"east": {"uv": [2.25, 12.125, 2.625, 12.375], "texture": "#1"},
				"south": {"uv": [14, 0.5, 14.75, 0.75], "texture": "#1"},
				"west": {"uv": [6.25, 12.375, 6.625, 12.625], "texture": "#1"},
				"up": {"uv": [8.25, 13.25, 7.5, 12.875], "texture": "#1"},
				"down": {"uv": [11.375, 13, 10.625, 13.375], "texture": "#1"}
			}
		},
		{
			"from": [15, -0.40767, 16.15624],
			"to": [21, 2.79233, 18.35624],
			"rotation": {"angle": 45, "axis": "x", "origin": [19, 1.69233, 18.25624]},
			"faces": {
				"north": {"uv": [6.25, 13.125, 7, 13.5], "texture": "#1"},
				"east": {"uv": [13, 14.625, 13.25, 15], "texture": "#1"},
				"south": {"uv": [9, 13.125, 9.75, 13.5], "texture": "#1"},
				"west": {"uv": [13.25, 14.625, 13.5, 15], "texture": "#1"},
				"up": {"uv": [14.75, 2.875, 14, 2.625], "texture": "#1"},
				"down": {"uv": [14.75, 2.875, 14, 3.125], "texture": "#1"}
			}
		},
		{
			"from": [15, 1.75522, 17.36681],
			"to": [21, 4.95522, 19.56681],
			"rotation": {"angle": 22.5, "axis": "x", "origin": [19, 3.85522, 19.46681]},
			"faces": {
				"north": {"uv": [1.625, 13.125, 2.375, 13.5], "texture": "#1"},
				"east": {"uv": [3, 5.5, 3.25, 5.875], "texture": "#1"},
				"south": {"uv": [2.375, 13.125, 3.125, 13.5], "texture": "#1"},
				"west": {"uv": [5.5, 10.5, 5.75, 10.875], "texture": "#1"},
				"up": {"uv": [14.75, 1.75, 14, 1.5], "texture": "#1"},
				"down": {"uv": [3.125, 14, 2.375, 14.25], "texture": "#1"}
			}
		},
		{
			"from": [15, 4.21675, 17.65752],
			"to": [21, 8.41675, 19.85752],
			"rotation": {"angle": 0, "axis": "y", "origin": [19, 4.31675, 19.75752]},
			"faces": {
				"north": {"uv": [12.5, 1, 13.25, 1.5], "texture": "#1"},
				"east": {"uv": [11.625, 14.25, 11.875, 14.75], "texture": "#1"},
				"south": {"uv": [11, 12.5, 11.75, 13], "texture": "#1"},
				"west": {"uv": [10.25, 14.5, 10.5, 15], "texture": "#1"},
				"up": {"uv": [14.75, 7.375, 14, 7.125], "texture": "#1"},
				"down": {"uv": [8.25, 14, 7.5, 14.25], "texture": "#1"}
			}
		},
		{
			"from": [-5, 0.05734, 14.21012],
			"to": [1, 2.25734, 17.41012],
			"rotation": {"angle": -22.5, "axis": "x", "origin": [-1, 0.15734, 16.31012]},
			"faces": {
				"north": {"uv": [11.75, 3, 12.5, 3.25], "texture": "#1"},
				"east": {"uv": [2.25, 12.125, 2.625, 12.375], "texture": "#1"},
				"south": {"uv": [14, 0.5, 14.75, 0.75], "texture": "#1"},
				"west": {"uv": [6.25, 12.375, 6.625, 12.625], "texture": "#1"},
				"up": {"uv": [8.25, 13.25, 7.5, 12.875], "texture": "#1"},
				"down": {"uv": [11.375, 13, 10.625, 13.375], "texture": "#1"}
			}
		},
		{
			"from": [-5, -3.42462, 8.54236],
			"to": [1, -1.22462, 11.74236],
			"rotation": {"angle": 22.5, "axis": "x", "origin": [-1, -1.32462, 18.34332]},
			"faces": {
				"north": {"uv": [7.75, 14.25, 8.5, 14.5], "texture": "#1"},
				"east": {"uv": [14.75, 1.5, 15.125, 1.75], "texture": "#1"},
				"south": {"uv": [8.5, 14.25, 9.25, 14.5], "texture": "#1"},
				"west": {"uv": [5.75, 14.75, 6.125, 15], "texture": "#1"},
				"up": {"uv": [5.375, 13.75, 4.625, 13.375], "texture": "#1"},
				"down": {"uv": [14.125, 6.625, 13.375, 7], "texture": "#1"}
			}
		},
		{
			"from": [-5, 3.28828, 5.96228],
			"to": [1, 6.48828, 8.16228],
			"rotation": {"angle": -45, "axis": "x", "origin": [-1, 5.38828, 11.28914]},
			"faces": {
				"north": {"uv": [0.75, 13.375, 1.5, 13.75], "texture": "#1"},
				"east": {"uv": [14.75, 5, 15, 5.375], "texture": "#1"},
				"south": {"uv": [3.875, 13.375, 4.625, 13.75], "texture": "#1"},
				"west": {"uv": [14.75, 5.375, 15, 5.75], "texture": "#1"},
				"up": {"uv": [7, 14.5, 6.25, 14.25], "texture": "#1"},
				"down": {"uv": [7.75, 14.25, 7, 14.5], "texture": "#1"}
			}
		},
		{
			"from": [-5, 2.86071, 6.06273],
			"to": [1, 6.06071, 8.26273],
			"rotation": {"angle": -22.5, "axis": "x", "origin": [-1, 4.96071, 9.0515]},
			"faces": {
				"north": {"uv": [13.25, 12.375, 14, 12.75], "texture": "#1"},
				"east": {"uv": [14.75, 2.625, 15, 3], "texture": "#1"},
				"south": {"uv": [0, 13.375, 0.75, 13.75], "texture": "#1"},
				"west": {"uv": [2.875, 14.75, 3.125, 15.125], "texture": "#1"},
				"up": {"uv": [3.125, 14.5, 2.375, 14.25], "texture": "#1"},
				"down": {"uv": [15, 3.125, 14.25, 3.375], "texture": "#1"}
			}
		},
		{
			"from": [-5, 4.21675, 5.99191],
			"to": [1, 8.41675, 8.19191],
			"rotation": {"angle": 0, "axis": "y", "origin": [-1, 4.31675, 8.09191]},
			"faces": {
				"north": {"uv": [12.625, 6.625, 13.375, 7.125], "texture": "#1"},
				"east": {"uv": [10.5, 14.5, 10.75, 15], "texture": "#1"},
				"south": {"uv": [12.625, 8, 13.375, 8.5], "texture": "#1"},
				"west": {"uv": [12.75, 14.625, 13, 15.125], "texture": "#1"},
				"up": {"uv": [13.5, 14.375, 12.75, 14.125], "texture": "#1"},
				"down": {"uv": [14.25, 14.125, 13.5, 14.375], "texture": "#1"}
			}
		},
		{
			"from": [-5, 6.83678, 6.51307],
			"to": [1, 10.03678, 8.71307],
			"rotation": {"angle": 22.5, "axis": "x", "origin": [-1, 8.93678, 8.61307]},
			"faces": {
				"north": {"uv": [13.25, 11.25, 14, 11.625], "texture": "#1"},
				"east": {"uv": [2.375, 14.75, 2.625, 15.125], "texture": "#1"},
				"south": {"uv": [11.375, 13.25, 12.125, 13.625], "texture": "#1"},
				"west": {"uv": [2.625, 14.75, 2.875, 15.125], "texture": "#1"},
				"up": {"uv": [14.875, 6.875, 14.125, 6.625], "texture": "#1"},
				"down": {"uv": [14.875, 10.625, 14.125, 10.875], "texture": "#1"}
			}
		},
		{
			"from": [-5, 8.13406, 7.61451],
			"to": [1, 11.33406, 9.81451],
			"rotation": {"angle": 45, "axis": "x", "origin": [-1, 10.23406, 9.71451]},
			"faces": {
				"north": {"uv": [7.5, 13.25, 8.25, 13.625], "texture": "#1"},
				"east": {"uv": [14.75, 0.75, 15, 1.125], "texture": "#1"},
				"south": {"uv": [8.25, 13.25, 9, 13.625], "texture": "#1"},
				"west": {"uv": [14.75, 1.125, 15, 1.5], "texture": "#1"},
				"up": {"uv": [3.875, 14.375, 3.125, 14.125], "texture": "#1"},
				"down": {"uv": [4.625, 14.125, 3.875, 14.375], "texture": "#1"}
			}
		},
		{
			"from": [-5, 10.91108, 9.12856],
			"to": [1, 13.11108, 12.32856],
			"rotation": {"angle": -22.5, "axis": "x", "origin": [-1, 11.01108, 11.22856]},
			"faces": {
				"north": {"uv": [14.125, 0.25, 14.875, 0.5], "texture": "#1"},
				"east": {"uv": [14.5, 14.625, 14.875, 14.875], "texture": "#1"},
				"south": {"uv": [0.75, 14.125, 1.5, 14.375], "texture": "#1"},
				"west": {"uv": [14.75, 0.5, 15.125, 0.75], "texture": "#1"},
				"up": {"uv": [14, 1.25, 13.25, 0.875], "texture": "#1"},
				"down": {"uv": [3.875, 13.25, 3.125, 13.625], "texture": "#1"}
			}
		},
		{
			"from": [-5, 0.21062, -7.81928],
			"to": [1, 1.81062, -5.21928],
			"rotation": {"angle": -22.5, "axis": "x", "origin": [-1, 0.01062, -6.01928]},
			"faces": {
				"north": {"uv": [0.75, 14.625, 1.5, 14.8125], "texture": "#1"},
				"east": {"uv": [14.875, 6.625, 15.1875, 6.8125], "texture": "#1"},
				"south": {"uv": [3.125, 14.625, 3.875, 14.8125], "texture": "#1"},
				"west": {"uv": [14.875, 7.875, 15.1875, 8.0625], "texture": "#1"},
				"up": {"uv": [14.5, 13.4375, 13.75, 13.125], "texture": "#1"},
				"down": {"uv": [14.5, 13.5, 13.75, 13.8125], "texture": "#1"}
			}
		},
		{
			"from": [-5, -0.6909, -6.52644],
			"to": [1, 1.9091, -4.92644],
			"rotation": {"angle": 45, "axis": "x", "origin": [-1, 1.1091, -4.72644]},
			"faces": {
				"north": {"uv": [3.5, 13.75, 4.25, 14.0625], "texture": "#1"},
				"east": {"uv": [14.875, 11.125, 15.0625, 11.4375], "texture": "#1"},
				"south": {"uv": [4.25, 13.75, 5, 14.0625], "texture": "#1"},
				"west": {"uv": [11.875, 14.875, 12.0625, 15.1875], "texture": "#1"},
				"up": {"uv": [15.25, 13.8125, 14.5, 13.625], "texture": "#1"},
				"down": {"uv": [0.75, 14.625, 0, 14.8125], "texture": "#1"}
			}
		},
		{
			"from": [-5, 0.81872, -5.75238],
			"to": [1, 3.41872, -4.15238],
			"rotation": {"angle": 22.5, "axis": "x", "origin": [-1, 2.61872, -3.95238]},
			"faces": {
				"north": {"uv": [0.75, 13.75, 1.5, 14.0625], "texture": "#1"},
				"east": {"uv": [14.875, 9.5, 15.0625, 9.8125], "texture": "#1"},
				"south": {"uv": [13.75, 2.25, 14.5, 2.5625], "texture": "#1"},
				"west": {"uv": [14.875, 9.875, 15.0625, 10.1875], "texture": "#1"},
				"up": {"uv": [15.25, 13.3125, 14.5, 13.125], "texture": "#1"},
				"down": {"uv": [15.25, 13.375, 14.5, 13.5625], "texture": "#1"}
			}
		},
		{
			"from": [-5, 2.50964, -5.61495],
			"to": [1, 6.10964, -4.01495],
			"rotation": {"angle": 0, "axis": "y", "origin": [-1, 2.30964, -3.81495]},
			"faces": {
				"north": {"uv": [12.75, 10.125, 13.5, 10.5625], "texture": "#1"},
				"east": {"uv": [7.5, 14.75, 7.6875, 15.1875], "texture": "#1"},
				"south": {"uv": [12.875, 1.875, 13.625, 2.3125], "texture": "#1"},
				"west": {"uv": [7.75, 14.75, 7.9375, 15.1875], "texture": "#1"},
				"up": {"uv": [15.25, 8.5625, 14.5, 8.375], "texture": "#1"},
				"down": {"uv": [10.25, 14.5, 9.5, 14.6875], "texture": "#1"}
			}
		},
		{
			"from": [-5, 5.46456, -6.20272],
			"to": [1, 8.06456, -4.60272],
			"rotation": {"angle": -22.5, "axis": "x", "origin": [-1, 7.26456, -3.51395]},
			"faces": {
				"north": {"uv": [11.125, 13.625, 11.875, 13.9375], "texture": "#1"},
				"east": {"uv": [5.125, 14.875, 5.3125, 15.1875], "texture": "#1"},
				"south": {"uv": [0, 13.75, 0.75, 14.0625], "texture": "#1"},
				"west": {"uv": [5.375, 14.875, 5.5625, 15.1875], "texture": "#1"},
				"up": {"uv": [8, 14.6875, 7.25, 14.5], "texture": "#1"},
				"down": {"uv": [8.75, 14.5, 8, 14.6875], "texture": "#1"}
			}
		},
		{
			"from": [-5, 8.69902, -8.17867],
			"to": [1, 11.29902, -6.57867],
			"rotation": {"angle": -45, "axis": "x", "origin": [-1, 10.49902, -3.15181]},
			"faces": {
				"north": {"uv": [7.5, 13.625, 8.25, 13.9375], "texture": "#1"},
				"east": {"uv": [4.25, 14.875, 4.4375, 15.1875], "texture": "#1"},
				"south": {"uv": [8.25, 13.625, 9, 13.9375], "texture": "#1"},
				"west": {"uv": [4.875, 14.875, 5.0625, 15.1875], "texture": "#1"},
				"up": {"uv": [6.5, 14.6875, 5.75, 14.5], "texture": "#1"},
				"down": {"uv": [7.25, 14.5, 6.5, 14.6875], "texture": "#1"}
			}
		},
		{
			"from": [-5, 3.86163, -8.40548],
			"to": [1, 5.46163, -5.80548],
			"rotation": {"angle": 22.5, "axis": "x", "origin": [-1, 5.66163, 1.09547]},
			"faces": {
				"north": {"uv": [14.5, 2.375, 15.25, 2.5625], "texture": "#1"},
				"east": {"uv": [14.875, 3.5, 15.1875, 3.6875], "texture": "#1"},
				"south": {"uv": [14.5, 4.5, 15.25, 4.6875], "texture": "#1"},
				"west": {"uv": [3.875, 14.875, 4.1875, 15.0625], "texture": "#1"},
				"up": {"uv": [14.375, 4.4375, 13.625, 4.125], "texture": "#1"},
				"down": {"uv": [14.375, 4.75, 13.625, 5.0625], "texture": "#1"}
			}
		},
		{
			"from": [-5, 7.32878, -10.43409],
			"to": [1, 8.92878, -6.83409],
			"rotation": {"angle": 0, "axis": "y", "origin": [-1, 7.12878, -10.63409]},
			"faces": {
				"north": {"uv": [14.5, 2.125, 15.25, 2.3125], "texture": "#1"},
				"east": {"uv": [7, 14.75, 7.4375, 14.9375], "texture": "#1"},
				"south": {"uv": [2.375, 14.5, 3.125, 14.6875], "texture": "#1"},
				"west": {"uv": [14.75, 7.125, 15.1875, 7.3125], "texture": "#1"},
				"up": {"uv": [9, 13.1875, 8.25, 12.75], "texture": "#1"},
				"down": {"uv": [13.5, 9.625, 12.75, 10.0625], "texture": "#1"}
			}
		},
		{
			"from": [-5, 5.00307, -12.22041],
			"to": [1, 7.60307, -10.62041],
			"rotation": {"angle": 45, "axis": "x", "origin": [-1, 6.80307, -10.42041]},
			"faces": {
				"north": {"uv": [2.75, 13.625, 3.5, 13.9375], "texture": "#1"},
				"east": {"uv": [3.375, 14.875, 3.5625, 15.1875], "texture": "#1"},
				"south": {"uv": [13.625, 3.75, 14.375, 4.0625], "texture": "#1"},
				"west": {"uv": [3.625, 14.875, 3.8125, 15.1875], "texture": "#1"},
				"up": {"uv": [14.25, 14.5625, 13.5, 14.375], "texture": "#1"},
				"down": {"uv": [15, 14.375, 14.25, 14.5625], "texture": "#1"}
			}
		},
		{
			"from": [-5, 4.35907, -12.88535],
			"to": [1, 6.95907, -11.28535],
			"rotation": {"angle": 22.5, "axis": "x", "origin": [-1, 6.15907, -11.08535]},
			"faces": {
				"north": {"uv": [13, 13.5, 13.75, 13.8125], "texture": "#1"},
				"east": {"uv": [1.125, 14.875, 1.3125, 15.1875], "texture": "#1"},
				"south": {"uv": [13.625, 1.875, 14.375, 2.1875], "texture": "#1"},
				"west": {"uv": [3.125, 14.875, 3.3125, 15.1875], "texture": "#1"},
				"up": {"uv": [15.125, 4.9375, 14.375, 4.75], "texture": "#1"},
				"down": {"uv": [13.5, 14.375, 12.75, 14.5625], "texture": "#1"}
			}
		},
		{
			"from": [-5, 2.50964, -13.25322],
			"to": [1, 6.10964, -11.65322],
			"rotation": {"angle": 0, "axis": "y", "origin": [-1, 2.30964, -11.45322]},
			"faces": {
				"north": {"uv": [12.75, 2.75, 13.5, 3.1875], "texture": "#1"},
				"east": {"uv": [6.5, 14.75, 6.6875, 15.1875], "texture": "#1"},
				"south": {"uv": [3.75, 12.75, 4.5, 13.1875], "texture": "#1"},
				"west": {"uv": [6.75, 14.75, 6.9375, 15.1875], "texture": "#1"},
				"up": {"uv": [15.125, 4.1875, 14.375, 4], "texture": "#1"},
				"down": {"uv": [15.125, 4.25, 14.375, 4.4375], "texture": "#1"}
			}
		},
		{
			"from": [-5, 1.9242, -13.33569],
			"to": [1, 4.5242, -11.73569],
			"rotation": {"angle": -22.5, "axis": "x", "origin": [-1, 3.7242, -10.64692]},
			"faces": {
				"north": {"uv": [13.5, 12, 14.25, 12.3125], "texture": "#1"},
				"east": {"uv": [0.625, 14.875, 0.8125, 15.1875], "texture": "#1"},
				"south": {"uv": [12.25, 13.5, 13, 13.8125], "texture": "#1"},
				"west": {"uv": [0.875, 14.875, 1.0625, 15.1875], "texture": "#1"},
				"up": {"uv": [15.125, 3.9375, 14.375, 3.75], "texture": "#1"},
				"down": {"uv": [4.625, 14.375, 3.875, 14.5625], "texture": "#1"}
			}
		},
		{
			"from": [-5, 3.00505, -13.87264],
			"to": [1, 5.60505, -12.27264],
			"rotation": {"angle": -45, "axis": "x", "origin": [-1, 4.80505, -8.84578]},
			"faces": {
				"north": {"uv": [13.5, 10, 14.25, 10.3125], "texture": "#1"},
				"east": {"uv": [14.875, 0, 15.0625, 0.3125], "texture": "#1"},
				"south": {"uv": [13.5, 11.625, 14.25, 11.9375], "texture": "#1"},
				"west": {"uv": [0.375, 14.875, 0.5625, 15.1875], "texture": "#1"},
				"up": {"uv": [15.125, 2.0625, 14.375, 1.875], "texture": "#1"},
				"down": {"uv": [3.875, 14.375, 3.125, 14.5625], "texture": "#1"}
			}
		},
		{
			"from": [-5, -3.27134, -11.94584],
			"to": [1, -1.67134, -9.34584],
			"rotation": {"angle": 22.5, "axis": "x", "origin": [-1, -1.47134, -2.44488]},
			"faces": {
				"north": {"uv": [0, 14.375, 0.75, 14.5625], "texture": "#1"},
				"east": {"uv": [14.75, 13.875, 15.0625, 14.0625], "texture": "#1"},
				"south": {"uv": [0.75, 14.375, 1.5, 14.5625], "texture": "#1"},
				"west": {"uv": [0, 14.875, 0.3125, 15.0625], "texture": "#1"},
				"up": {"uv": [14.25, 9.9375, 13.5, 9.625], "texture": "#1"},
				"down": {"uv": [10.5, 13.5, 9.75, 13.8125], "texture": "#1"}
			}
		},
		{
			"from": [-5, -0.3095, -10.43409],
			"to": [1, 1.2905, -6.83409],
			"rotation": {"angle": 0, "axis": "y", "origin": [-1, -0.5095, -10.63409]},
			"faces": {
				"north": {"uv": [3.875, 14.625, 4.625, 14.8125], "texture": "#1"},
				"east": {"uv": [8, 14.75, 8.4375, 14.9375], "texture": "#1"},
				"south": {"uv": [14.625, 7.375, 15.375, 7.5625], "texture": "#1"},
				"west": {"uv": [14.75, 8.125, 15.1875, 8.3125], "texture": "#1"},
				"up": {"uv": [13.625, 4.4375, 12.875, 4], "texture": "#1"},
				"down": {"uv": [5.25, 12.875, 4.5, 13.3125], "texture": "#1"}
			}
		},
		{
			"from": [-5, 7.34358, -11.35964],
			"to": [1, 8.94358, -8.75964],
			"rotation": {"angle": -22.5, "axis": "x", "origin": [-1, 7.14358, -9.55964]},
			"faces": {
				"north": {"uv": [14.25, 12.125, 15, 12.3125], "texture": "#1"},
				"east": {"uv": [14.75, 10.375, 15.0625, 10.5625], "texture": "#1"},
				"south": {"uv": [14.25, 14.125, 15, 14.3125], "texture": "#1"},
				"west": {"uv": [14.75, 12.375, 15.0625, 12.5625], "texture": "#1"},
				"up": {"uv": [7, 13.8125, 6.25, 13.5], "texture": "#1"},
				"down": {"uv": [9.75, 13.5, 9, 13.8125], "texture": "#1"}
			}
		},
		{
			"from": [15.1, 1, -12.2],
			"to": [20.1, 7.5, -5.5],
			"rotation": {"angle": 0, "axis": "y", "origin": [18.1, 1, -10.3]},
			"faces": {
				"north": {"uv": [7.625, 12, 8.25, 12.8125], "texture": "#1"},
				"east": {"uv": [6.4625, 10.875, 7.3375, 11.6875], "texture": "#1"},
				"south": {"uv": [12.25, 4, 12.875, 4.8125], "texture": "#1"},
				"west": {"uv": [6.375, 10.875, 7.25, 11.6875], "texture": "#1"},
				"up": {"uv": [11.625, 12.5, 11, 11.625], "texture": "#1"},
				"down": {"uv": [12.25, 11.625, 11.625, 12.5], "texture": "#1"}
			}
		},
		{
			"from": [15, 3, -15.8],
			"to": [22.5, 3.7, -12.7],
			"rotation": {"angle": -22.5, "axis": "x", "origin": [15, 13, -27.1]},
			"faces": {
				"north": {"uv": [15, 5.25, 15.9375, 5.3125], "texture": "#1"},
				"east": {"uv": [13, 7.875, 13.375, 7.9375], "texture": "#1"},
				"south": {"uv": [15, 5.375, 15.9375, 5.4375], "texture": "#1"},
				"west": {"uv": [2.75, 13.5, 3.125, 13.5625], "texture": "#1"},
				"up": {"uv": [13.6875, 2.75, 12.75, 2.375], "texture": "#1"},
				"down": {"uv": [3.6875, 12.75, 2.75, 13.125], "texture": "#1"}
			}
		},
		{
			"from": [15, 9.21856, -10.23718],
			"to": [22.5, 9.91856, -5.73718],
			"rotation": {"angle": 0, "axis": "y", "origin": [14, 19.21856, -16.23718]},
			"faces": {
				"north": {"uv": [15, 5, 15.9375, 5.0625], "texture": "#1"},
				"east": {"uv": [15, 11.875, 15.5625, 11.9375], "texture": "#1"},
				"south": {"uv": [15, 5.125, 15.9375, 5.1875], "texture": "#1"},
				"west": {"uv": [15, 12, 15.5625, 12.0625], "texture": "#1"},
				"up": {"uv": [12.9375, 7.9375, 12, 7.375], "texture": "#1"},
				"down": {"uv": [0.9375, 12.125, 0, 12.6875], "texture": "#1"}
			}
		},
		{
			"from": [15, 7.69937, 1.3],
			"to": [22.5, 8.39937, 4.8],
			"rotation": {"angle": 45, "axis": "x", "origin": [14, 17.69937, -0.3658]},
			"faces": {
				"north": {"uv": [15, 1.375, 15.9375, 1.4375], "texture": "#1"},
				"east": {"uv": [15, 14.375, 15.4375, 14.4375], "texture": "#1"},
				"south": {"uv": [15, 2.625, 15.9375, 2.6875], "texture": "#1"},
				"west": {"uv": [15, 14.5, 15.4375, 14.5625], "texture": "#1"},
				"up": {"uv": [13.1875, 12.8125, 12.25, 12.375], "texture": "#1"},
				"down": {"uv": [13.4375, 0, 12.5, 0.4375], "texture": "#1"}
			}
		},
		{
			"from": [15, -0.3095, -10.43409],
			"to": [21, 1.2905, -6.83409],
			"rotation": {"angle": 0, "axis": "y", "origin": [19, -0.5095, -10.63409]},
			"faces": {
				"north": {"uv": [3.875, 14.625, 4.625, 14.8125], "texture": "#1"},
				"east": {"uv": [8, 14.75, 8.4375, 14.9375], "texture": "#1"},
				"south": {"uv": [14.625, 7.375, 15.375, 7.5625], "texture": "#1"},
				"west": {"uv": [14.75, 8.125, 15.1875, 8.3125], "texture": "#1"},
				"up": {"uv": [13.625, 4.4375, 12.875, 4], "texture": "#1"},
				"down": {"uv": [5.25, 12.875, 4.5, 13.3125], "texture": "#1"}
			}
		},
		{
			"from": [15, 0.21062, -7.81928],
			"to": [21, 1.81062, -5.21928],
			"rotation": {"angle": -22.5, "axis": "x", "origin": [19, 0.01062, -6.01928]},
			"faces": {
				"north": {"uv": [0.75, 14.625, 1.5, 14.8125], "texture": "#1"},
				"east": {"uv": [14.875, 6.625, 15.1875, 6.8125], "texture": "#1"},
				"south": {"uv": [3.125, 14.625, 3.875, 14.8125], "texture": "#1"},
				"west": {"uv": [14.875, 7.875, 15.1875, 8.0625], "texture": "#1"},
				"up": {"uv": [14.5, 13.4375, 13.75, 13.125], "texture": "#1"},
				"down": {"uv": [14.5, 13.5, 13.75, 13.8125], "texture": "#1"}
			}
		},
		{
			"from": [15, -0.6909, -6.52644],
			"to": [21, 1.9091, -4.92644],
			"rotation": {"angle": 45, "axis": "x", "origin": [19, 1.1091, -4.72644]},
			"faces": {
				"north": {"uv": [3.5, 13.75, 4.25, 14.0625], "texture": "#1"},
				"east": {"uv": [14.875, 11.125, 15.0625, 11.4375], "texture": "#1"},
				"south": {"uv": [4.25, 13.75, 5, 14.0625], "texture": "#1"},
				"west": {"uv": [11.875, 14.875, 12.0625, 15.1875], "texture": "#1"},
				"up": {"uv": [15.25, 13.8125, 14.5, 13.625], "texture": "#1"},
				"down": {"uv": [0.75, 14.625, 0, 14.8125], "texture": "#1"}
			}
		},
		{
			"from": [15, 0.81872, -5.75238],
			"to": [21, 3.41872, -4.15238],
			"rotation": {"angle": 22.5, "axis": "x", "origin": [19, 2.61872, -3.95238]},
			"faces": {
				"north": {"uv": [0.75, 13.75, 1.5, 14.0625], "texture": "#1"},
				"east": {"uv": [14.875, 9.5, 15.0625, 9.8125], "texture": "#1"},
				"south": {"uv": [13.75, 2.25, 14.5, 2.5625], "texture": "#1"},
				"west": {"uv": [14.875, 9.875, 15.0625, 10.1875], "texture": "#1"},
				"up": {"uv": [15.25, 13.3125, 14.5, 13.125], "texture": "#1"},
				"down": {"uv": [15.25, 13.375, 14.5, 13.5625], "texture": "#1"}
			}
		},
		{
			"from": [15, 2.50964, -5.61495],
			"to": [21, 6.10964, -4.01495],
			"rotation": {"angle": 0, "axis": "y", "origin": [19, 2.30964, -3.81495]},
			"faces": {
				"north": {"uv": [12.75, 10.125, 13.5, 10.5625], "texture": "#1"},
				"east": {"uv": [7.5, 14.75, 7.6875, 15.1875], "texture": "#1"},
				"south": {"uv": [12.875, 1.875, 13.625, 2.3125], "texture": "#1"},
				"west": {"uv": [7.75, 14.75, 7.9375, 15.1875], "texture": "#1"},
				"up": {"uv": [15.25, 8.5625, 14.5, 8.375], "texture": "#1"},
				"down": {"uv": [10.25, 14.5, 9.5, 14.6875], "texture": "#1"}
			}
		},
		{
			"from": [15, 5.46456, -6.20272],
			"to": [21, 8.06456, -4.60272],
			"rotation": {"angle": -22.5, "axis": "x", "origin": [19, 7.26456, -3.51395]},
			"faces": {
				"north": {"uv": [11.125, 13.625, 11.875, 13.9375], "texture": "#1"},
				"east": {"uv": [5.125, 14.875, 5.3125, 15.1875], "texture": "#1"},
				"south": {"uv": [0, 13.75, 0.75, 14.0625], "texture": "#1"},
				"west": {"uv": [5.375, 14.875, 5.5625, 15.1875], "texture": "#1"},
				"up": {"uv": [8, 14.6875, 7.25, 14.5], "texture": "#1"},
				"down": {"uv": [8.75, 14.5, 8, 14.6875], "texture": "#1"}
			}
		},
		{
			"from": [15, 8.69902, -8.17867],
			"to": [21, 11.29902, -6.57867],
			"rotation": {"angle": -45, "axis": "x", "origin": [19, 10.49902, -3.15181]},
			"faces": {
				"north": {"uv": [7.5, 13.625, 8.25, 13.9375], "texture": "#1"},
				"east": {"uv": [4.25, 14.875, 4.4375, 15.1875], "texture": "#1"},
				"south": {"uv": [8.25, 13.625, 9, 13.9375], "texture": "#1"},
				"west": {"uv": [4.875, 14.875, 5.0625, 15.1875], "texture": "#1"},
				"up": {"uv": [6.5, 14.6875, 5.75, 14.5], "texture": "#1"},
				"down": {"uv": [7.25, 14.5, 6.5, 14.6875], "texture": "#1"}
			}
		},
		{
			"from": [15, 3.86163, -8.40548],
			"to": [21, 5.46163, -5.80548],
			"rotation": {"angle": 22.5, "axis": "x", "origin": [19, 5.66163, 1.09547]},
			"faces": {
				"north": {"uv": [14.5, 2.375, 15.25, 2.5625], "texture": "#1"},
				"east": {"uv": [14.875, 3.5, 15.1875, 3.6875], "texture": "#1"},
				"south": {"uv": [14.5, 4.5, 15.25, 4.6875], "texture": "#1"},
				"west": {"uv": [3.875, 14.875, 4.1875, 15.0625], "texture": "#1"},
				"up": {"uv": [14.375, 4.4375, 13.625, 4.125], "texture": "#1"},
				"down": {"uv": [14.375, 4.75, 13.625, 5.0625], "texture": "#1"}
			}
		},
		{
			"from": [15, 7.32878, -10.43409],
			"to": [21, 8.92878, -6.83409],
			"rotation": {"angle": 0, "axis": "y", "origin": [19, 7.12878, -10.63409]},
			"faces": {
				"north": {"uv": [14.5, 2.125, 15.25, 2.3125], "texture": "#1"},
				"east": {"uv": [7, 14.75, 7.4375, 14.9375], "texture": "#1"},
				"south": {"uv": [2.375, 14.5, 3.125, 14.6875], "texture": "#1"},
				"west": {"uv": [14.75, 7.125, 15.1875, 7.3125], "texture": "#1"},
				"up": {"uv": [9, 13.1875, 8.25, 12.75], "texture": "#1"},
				"down": {"uv": [13.5, 9.625, 12.75, 10.0625], "texture": "#1"}
			}
		},
		{
			"from": [15, 5.00307, -12.22041],
			"to": [21, 7.60307, -10.62041],
			"rotation": {"angle": 45, "axis": "x", "origin": [19, 6.80307, -10.42041]},
			"faces": {
				"north": {"uv": [2.75, 13.625, 3.5, 13.9375], "texture": "#1"},
				"east": {"uv": [3.375, 14.875, 3.5625, 15.1875], "texture": "#1"},
				"south": {"uv": [13.625, 3.75, 14.375, 4.0625], "texture": "#1"},
				"west": {"uv": [3.625, 14.875, 3.8125, 15.1875], "texture": "#1"},
				"up": {"uv": [14.25, 14.5625, 13.5, 14.375], "texture": "#1"},
				"down": {"uv": [15, 14.375, 14.25, 14.5625], "texture": "#1"}
			}
		},
		{
			"from": [15, 4.35907, -12.88535],
			"to": [21, 6.95907, -11.28535],
			"rotation": {"angle": 22.5, "axis": "x", "origin": [19, 6.15907, -11.08535]},
			"faces": {
				"north": {"uv": [13, 13.5, 13.75, 13.8125], "texture": "#1"},
				"east": {"uv": [1.125, 14.875, 1.3125, 15.1875], "texture": "#1"},
				"south": {"uv": [13.625, 1.875, 14.375, 2.1875], "texture": "#1"},
				"west": {"uv": [3.125, 14.875, 3.3125, 15.1875], "texture": "#1"},
				"up": {"uv": [15.125, 4.9375, 14.375, 4.75], "texture": "#1"},
				"down": {"uv": [13.5, 14.375, 12.75, 14.5625], "texture": "#1"}
			}
		},
		{
			"from": [15, 2.50964, -13.25322],
			"to": [21, 6.10964, -11.65322],
			"rotation": {"angle": 0, "axis": "y", "origin": [19, 2.30964, -11.45322]},
			"faces": {
				"north": {"uv": [12.75, 2.75, 13.5, 3.1875], "texture": "#1"},
				"east": {"uv": [6.5, 14.75, 6.6875, 15.1875], "texture": "#1"},
				"south": {"uv": [3.75, 12.75, 4.5, 13.1875], "texture": "#1"},
				"west": {"uv": [6.75, 14.75, 6.9375, 15.1875], "texture": "#1"},
				"up": {"uv": [15.125, 4.1875, 14.375, 4], "texture": "#1"},
				"down": {"uv": [15.125, 4.25, 14.375, 4.4375], "texture": "#1"}
			}
		},
		{
			"from": [15, 1.9242, -13.33569],
			"to": [21, 4.5242, -11.73569],
			"rotation": {"angle": -22.5, "axis": "x", "origin": [19, 3.7242, -10.64692]},
			"faces": {
				"north": {"uv": [13.5, 12, 14.25, 12.3125], "texture": "#1"},
				"east": {"uv": [0.625, 14.875, 0.8125, 15.1875], "texture": "#1"},
				"south": {"uv": [12.25, 13.5, 13, 13.8125], "texture": "#1"},
				"west": {"uv": [0.875, 14.875, 1.0625, 15.1875], "texture": "#1"},
				"up": {"uv": [15.125, 3.9375, 14.375, 3.75], "texture": "#1"},
				"down": {"uv": [4.625, 14.375, 3.875, 14.5625], "texture": "#1"}
			}
		},
		{
			"from": [15, 3.00505, -13.87264],
			"to": [21, 5.60505, -12.27264],
			"rotation": {"angle": -45, "axis": "x", "origin": [19, 4.80505, -8.84578]},
			"faces": {
				"north": {"uv": [13.5, 10, 14.25, 10.3125], "texture": "#1"},
				"east": {"uv": [14.875, 0, 15.0625, 0.3125], "texture": "#1"},
				"south": {"uv": [13.5, 11.625, 14.25, 11.9375], "texture": "#1"},
				"west": {"uv": [0.375, 14.875, 0.5625, 15.1875], "texture": "#1"},
				"up": {"uv": [15.125, 2.0625, 14.375, 1.875], "texture": "#1"},
				"down": {"uv": [3.875, 14.375, 3.125, 14.5625], "texture": "#1"}
			}
		},
		{
			"from": [15, -3.27134, -11.94584],
			"to": [21, -1.67134, -9.34584],
			"rotation": {"angle": 22.5, "axis": "x", "origin": [19, -1.47134, -2.44488]},
			"faces": {
				"north": {"uv": [0, 14.375, 0.75, 14.5625], "texture": "#1"},
				"east": {"uv": [14.75, 13.875, 15.0625, 14.0625], "texture": "#1"},
				"south": {"uv": [0.75, 14.375, 1.5, 14.5625], "texture": "#1"},
				"west": {"uv": [0, 14.875, 0.3125, 15.0625], "texture": "#1"},
				"up": {"uv": [14.25, 9.9375, 13.5, 9.625], "texture": "#1"},
				"down": {"uv": [10.5, 13.5, 9.75, 13.8125], "texture": "#1"}
			}
		},
		{
			"from": [15, 7.34358, -11.35964],
			"to": [21, 8.94358, -8.75964],
			"rotation": {"angle": -22.5, "axis": "x", "origin": [19, 7.14358, -9.55964]},
			"faces": {
				"north": {"uv": [14.25, 12.125, 15, 12.3125], "texture": "#1"},
				"east": {"uv": [14.75, 10.375, 15.0625, 10.5625], "texture": "#1"},
				"south": {"uv": [14.25, 14.125, 15, 14.3125], "texture": "#1"},
				"west": {"uv": [14.75, 12.375, 15.0625, 12.5625], "texture": "#1"},
				"up": {"uv": [7, 13.8125, 6.25, 13.5], "texture": "#1"},
				"down": {"uv": [9.75, 13.5, 9, 13.8125], "texture": "#1"}
			}
		},
		{
			"from": [-5, 1.75522, 17.36681],
			"to": [1, 4.95522, 19.56681],
			"rotation": {"angle": 22.5, "axis": "x", "origin": [-1, 3.85522, 19.46681]},
			"faces": {
				"north": {"uv": [1.625, 13.125, 2.375, 13.5], "texture": "#1"},
				"east": {"uv": [3, 5.5, 3.25, 5.875], "texture": "#1"},
				"south": {"uv": [2.375, 13.125, 3.125, 13.5], "texture": "#1"},
				"west": {"uv": [5.5, 10.5, 5.75, 10.875], "texture": "#1"},
				"up": {"uv": [14.75, 1.75, 14, 1.5], "texture": "#1"},
				"down": {"uv": [3.125, 14, 2.375, 14.25], "texture": "#1"}
			}
		},
		{
			"from": [-5, -0.40767, 16.15624],
			"to": [1, 2.79233, 18.35624],
			"rotation": {"angle": 45, "axis": "x", "origin": [-1, 1.69233, 18.25624]},
			"faces": {
				"north": {"uv": [6.25, 13.125, 7, 13.5], "texture": "#1"},
				"east": {"uv": [13, 14.625, 13.25, 15], "texture": "#1"},
				"south": {"uv": [9, 13.125, 9.75, 13.5], "texture": "#1"},
				"west": {"uv": [13.25, 14.625, 13.5, 15], "texture": "#1"},
				"up": {"uv": [14.75, 2.875, 14, 2.625], "texture": "#1"},
				"down": {"uv": [14.75, 2.875, 14, 3.125], "texture": "#1"}
			}
		},
		{
			"from": [1, 5, -11.9],
			"to": [15, 8, 12.8],
			"rotation": {"angle": 0, "axis": "y", "origin": [14, 5, -5.9]},
			"faces": {
				"north": {"uv": [9.75, 11, 11.5, 11.375], "texture": "#1"},
				"east": {"uv": [9.5, 6.625, 12.5625, 7], "texture": "#1"},
				"south": {"uv": [11, 9.75, 12.75, 10.125], "texture": "#1"},
				"west": {"uv": [9.75, 2, 12.8125, 2.375], "texture": "#1"},
				"up": {"uv": [5, 5.0625, 3.25, 2], "texture": "#1"},
				"down": {"uv": [6.75, 2, 5, 5.0625], "texture": "#1"}
			}
		},
		{
			"from": [3.1, 2.5, -15.7],
			"to": [12.7, 5.2, -11.2],
			"rotation": {"angle": 0, "axis": "y", "origin": [14.2, 3.8, -11.9]},
			"faces": {
				"north": {"uv": [12.625, 8.5, 13.8125, 8.8125], "texture": "#1"},
				"east": {"uv": [14.25, 9.5, 14.8125, 9.8125], "texture": "#1"},
				"south": {"uv": [12.75, 1.5, 13.9375, 1.8125], "texture": "#1"},
				"west": {"uv": [14.25, 9.875, 14.8125, 10.1875], "texture": "#1"},
				"up": {"uv": [8.4375, 11.4375, 7.25, 10.875], "texture": "#1"},
				"down": {"uv": [9.6875, 10.875, 8.5, 11.4375], "texture": "#1"}
			}
		},
		{
			"from": [3.1, 7.5, -12.9],
			"to": [12.7, 8.9, -11.2],
			"rotation": {"angle": 0, "axis": "y", "origin": [14.2, 7.5, -11.9]},
			"faces": {
				"north": {"uv": [13.5, 10.375, 14.6875, 10.5625], "texture": "#1"},
				"east": {"uv": [8.75, 15, 8.9375, 15.1875], "texture": "#1"},
				"south": {"uv": [13.875, 8.75, 15.0625, 8.9375], "texture": "#1"},
				"west": {"uv": [9.5, 15, 9.6875, 15.1875], "texture": "#1"},
				"up": {"uv": [15.0625, 9.4375, 13.875, 9.25], "texture": "#1"},
				"down": {"uv": [15.0625, 10.875, 13.875, 11.0625], "texture": "#1"}
			}
		},
		{
			"from": [3.1, 7.33869, -15.91096],
			"to": [12.7, 8.73869, -12.31096],
			"rotation": {"angle": -22.5, "axis": "x", "origin": [14.2, 7.33869, -13.01096]},
			"faces": {
				"north": {"uv": [12.75, 13.875, 13.9375, 14.0625], "texture": "#1"},
				"east": {"uv": [8.5, 14.75, 8.9375, 14.9375], "texture": "#1"},
				"south": {"uv": [13.875, 12.75, 15.0625, 12.9375], "texture": "#1"},
				"west": {"uv": [9.5, 14.75, 9.9375, 14.9375], "texture": "#1"},
				"up": {"uv": [2.1875, 12.5625, 1, 12.125], "texture": "#1"},
				"down": {"uv": [13.4375, 3.5, 12.25, 3.9375], "texture": "#1"}
			}
		},
		{
			"from": [1.6, 3.7, -10.2],
			"to": [14.4, 5, 18],
			"rotation": {"angle": 0, "axis": "y", "origin": [14, 2, -5.9]},
			"faces": {
				"north": {"uv": [12.875, 4.5, 14.5, 4.6875], "texture": "#1"},
				"east": {"uv": [11.125, 9, 14.625, 9.1875], "texture": "#1"},
				"south": {"uv": [9, 12.875, 10.625, 13.0625], "texture": "#1"},
				"west": {"uv": [9.75, 11.375, 13.25, 11.5625], "texture": "#1"},
				"up": {"uv": [1.625, 5.5, 0, 2], "texture": "#1"},
				"down": {"uv": [3.25, 2, 1.625, 5.5], "texture": "#1"}
			}
		},
		{
			"from": [1.6, 5.8, 5.7],
			"to": [14.4, 7.1, 18],
			"rotation": {"angle": 0, "axis": "y", "origin": [14, 4.1, -5.9]},
			"faces": {
				"north": {"uv": [12.25, 12.875, 13.875, 13.0625], "texture": "#1"},
				"east": {"uv": [13, 7.625, 14.5625, 7.8125], "texture": "#1"},
				"south": {"uv": [13, 7.375, 14.625, 7.5625], "texture": "#1"},
				"west": {"uv": [0, 13.125, 1.5625, 13.3125], "texture": "#1"},
				"up": {"uv": [4.875, 9.1875, 3.25, 7.625], "texture": "#1"},
				"down": {"uv": [6.5, 7.625, 4.875, 9.1875], "texture": "#1"}
			}
		},
		{
			"from": [2, 5, 12.7],
			"to": [14, 22, 14.1],
			"rotation": {"angle": 0, "axis": "y", "origin": [14, 5, 11.1]},
			"faces": {
				"north": {"uv": [0, 5.5, 1.5, 7.625], "texture": "#1"},
				"east": {"uv": [5.75, 12.375, 5.9375, 14.5], "texture": "#1"},
				"south": {"uv": [1.5, 5.5, 3, 7.625], "texture": "#1"},
				"west": {"uv": [6, 12.375, 6.1875, 14.5], "texture": "#1"},
				"up": {"uv": [14.75, 1.4375, 13.25, 1.25], "texture": "#1"},
				"down": {"uv": [14.875, 7.875, 13.375, 8.0625], "texture": "#1"}
			}
		},
		{
			"from": [2, 8.2, 14.1],
			"to": [14, 18, 17.8],
			"rotation": {"angle": 0, "axis": "y", "origin": [14, 5, 12.5]},
			"faces": {
				"north": {"uv": [6.5, 8, 8, 9.25], "texture": "#1"},
				"east": {"uv": [10, 11.625, 10.4375, 12.875], "texture": "#1"},
				"south": {"uv": [8, 8, 9.5, 9.25], "texture": "#1"},
				"west": {"uv": [10.5, 11.625, 10.9375, 12.875], "texture": "#1"},
				"up": {"uv": [12.625, 8.4375, 11.125, 8], "texture": "#1"},
				"down": {"uv": [12.625, 8.5, 11.125, 8.9375], "texture": "#1"}
			}
		},
		{
			"from": [1, 8, -11.9],
			"to": [15, 11, 1.1],
			"rotation": {"angle": 0, "axis": "y", "origin": [14, 8, -5.9]},
			"faces": {
				"north": {"uv": [11, 10.125, 12.75, 10.5], "texture": "#1"},
				"east": {"uv": [11.5, 9.25, 13.125, 9.625], "texture": "#1"},
				"south": {"uv": [11, 10.5, 12.75, 10.875], "texture": "#1"},
				"west": {"uv": [11.5, 10.875, 13.125, 11.25], "texture": "#1"},
				"up": {"uv": [8.25, 7.5, 6.5, 5.875], "texture": "#1"},
				"down": {"uv": [8.5, 2, 6.75, 3.625], "texture": "#1"}
			}
		},
		{
			"from": [13.8, 8, 1.1],
			"to": [14.8, 22, 2.1],
			"rotation": {"angle": 0, "axis": "y", "origin": [13.8, 22, -4.9]},
			"faces": {
				"north": {"uv": [11, 13.875, 11.125, 15.625], "texture": "#1"},
				"east": {"uv": [1.5, 14, 1.625, 15.75], "texture": "#1"},
				"south": {"uv": [1.625, 14, 1.75, 15.75], "texture": "#1"},
				"west": {"uv": [1.75, 14, 1.875, 15.75], "texture": "#1"},
				"up": {"uv": [3.125, 10.5, 3, 10.375], "texture": "#1"},
				"down": {"uv": [3.25, 10.375, 3.125, 10.5], "texture": "#1"}
			}
		},
		{
			"from": [-3.7, 17, 2.6],
			"to": [-0.9, 22, 3.3],
			"rotation": {"angle": 22.5, "axis": "y", "origin": [-3.7, 22, -3.7]},
			"faces": {
				"north": {"uv": [10, 13.875, 10.375, 14.5], "texture": "#1"},
				"east": {"uv": [7.25, 15, 7.3125, 15.625], "texture": "#1"},
				"south": {"uv": [10.375, 13.875, 10.75, 14.5], "texture": "#1"},
				"west": {"uv": [7.375, 15, 7.4375, 15.625], "texture": "#1"},
				"up": {"uv": [3.5, 14.0625, 3.125, 14], "texture": "#1"},
				"down": {"uv": [14.75, 5, 14.375, 5.0625], "texture": "#1"}
			}
		},
		{
			"from": [17.3, 17, 1.4],
			"to": [20.1, 22, 2.1],
			"rotation": {"angle": -22.5, "axis": "y", "origin": [17.3, 22, -4.9]},
			"faces": {
				"north": {"uv": [5, 13.75, 5.375, 14.375], "texture": "#1"},
				"east": {"uv": [7, 15, 7.0625, 15.625], "texture": "#1"},
				"south": {"uv": [9.625, 13.875, 10, 14.5], "texture": "#1"},
				"west": {"uv": [7.125, 15, 7.1875, 15.625], "texture": "#1"},
				"up": {"uv": [3.875, 13.6875, 3.5, 13.625], "texture": "#1"},
				"down": {"uv": [14.25, 9.5, 13.875, 9.5625], "texture": "#1"}
			}
		},
		{
			"from": [13.8, 8, -0.6],
			"to": [14.8, 24.2, 0.4],
			"rotation": {"angle": 0, "axis": "y", "origin": [13.8, 22, -6.6]},
			"faces": {
				"north": {"uv": [5.375, 12.875, 5.5, 14.875], "texture": "#1"},
				"east": {"uv": [5.5, 12.875, 5.625, 14.875], "texture": "#1"},
				"south": {"uv": [5.625, 12.875, 5.75, 14.875], "texture": "#1"},
				"west": {"uv": [12.125, 13.25, 12.25, 15.25], "texture": "#1"},
				"up": {"uv": [11.625, 3.25, 11.5, 3.125], "texture": "#1"},
				"down": {"uv": [11.75, 3.125, 11.625, 3.25], "texture": "#1"}
			}
		},
		{
			"from": [13.8, 21.36898, -0.83252],
			"to": [14.8, 25.56898, 0.16748],
			"rotation": {"angle": -22.5, "axis": "x", "origin": [13.8, 23.36898, -6.83252]},
			"faces": {
				"north": {"uv": [5.25, 12.875, 5.375, 13.375], "texture": "#1"},
				"east": {"uv": [14.75, 11.125, 14.875, 11.625], "texture": "#1"},
				"south": {"uv": [11.625, 14.75, 11.75, 15.25], "texture": "#1"},
				"west": {"uv": [11.75, 14.75, 11.875, 15.25], "texture": "#1"},
				"up": {"uv": [11.875, 7.5, 11.75, 7.375], "texture": "#1"},
				"down": {"uv": [12, 7.375, 11.875, 7.5], "texture": "#1"}
			}
		},
		{
			"from": [1.4, 8, 0.9],
			"to": [2.4, 22, 1.9],
			"rotation": {"angle": 0, "axis": "y", "origin": [1.4, 22, -5.1]},
			"faces": {
				"north": {"uv": [1.875, 14, 2, 15.75], "texture": "#1"},
				"east": {"uv": [2, 14, 2.125, 15.75], "texture": "#1"},
				"south": {"uv": [2.125, 14, 2.25, 15.75], "texture": "#1"},
				"west": {"uv": [2.25, 14, 2.375, 15.75], "texture": "#1"},
				"up": {"uv": [3, 11.5, 2.875, 11.375], "texture": "#1"},
				"down": {"uv": [3, 11.5, 2.875, 11.625], "texture": "#1"}
			}
		},
		{
			"from": [1.7, 8, 1.2],
			"to": [2.4, 13.8, 9.3],
			"rotation": {"angle": 0, "axis": "y", "origin": [1.4, 22, -3.8]},
			"faces": {
				"north": {"uv": [1.375, 14.875, 1.4375, 15.625], "texture": "#1"},
				"east": {"uv": [9.75, 2.375, 10.75, 3.125], "texture": "#1"},
				"south": {"uv": [4.5, 14.875, 4.5625, 15.625], "texture": "#1"},
				"west": {"uv": [0.625, 10.625, 1.625, 11.375], "texture": "#1"},
				"up": {"uv": [9.0625, 15.75, 9, 14.75], "texture": "#1"},
				"down": {"uv": [9.1875, 14.75, 9.125, 15.75], "texture": "#1"}
			}
		},
		{
			"from": [1, 8, 9.2],
			"to": [2.4, 17.7, 17.3],
			"rotation": {"angle": 0, "axis": "y", "origin": [1.4, 22, 3.2]},
			"faces": {
				"north": {"uv": [11.875, 13.625, 12.0625, 14.8125], "texture": "#1"},
				"east": {"uv": [0, 9.375, 1, 10.5625], "texture": "#1"},
				"south": {"uv": [10.75, 13.875, 10.9375, 15.0625], "texture": "#1"},
				"west": {"uv": [1, 9.375, 2, 10.5625], "texture": "#1"},
				"up": {"uv": [4.8125, 15.125, 4.625, 14.125], "texture": "#1"},
				"down": {"uv": [9.4375, 14.25, 9.25, 15.25], "texture": "#1"}
			}
		},
		{
			"from": [13.7, 8, 9.2],
			"to": [15.1, 17.7, 17.3],
			"rotation": {"angle": 0, "axis": "y", "origin": [14.1, 22, 3.2]},
			"faces": {
				"north": {"uv": [12.25, 13.875, 12.4375, 15.0625], "texture": "#1"},
				"east": {"uv": [2, 9.375, 3, 10.5625], "texture": "#1"},
				"south": {"uv": [12.5, 13.875, 12.6875, 15.0625], "texture": "#1"},
				"west": {"uv": [9.5, 8, 10.5, 9.1875], "texture": "#1"},
				"up": {"uv": [11.3125, 15.25, 11.125, 14.25], "texture": "#1"},
				"down": {"uv": [11.5625, 14.25, 11.375, 15.25], "texture": "#1"}
			}
		},
		{
			"from": [13.7, 8, 1.2],
			"to": [14.4, 13.8, 9.3],
			"rotation": {"angle": 0, "axis": "y", "origin": [13.4, 22, -3.8]},
			"faces": {
				"north": {"uv": [5.625, 14.875, 5.6875, 15.625], "texture": "#1"},
				"east": {"uv": [1.625, 10.625, 2.625, 11.375], "texture": "#1"},
				"south": {"uv": [5.75, 15, 5.8125, 15.75], "texture": "#1"},
				"west": {"uv": [10.75, 2.375, 11.75, 3.125], "texture": "#1"},
				"up": {"uv": [10.0625, 15.75, 10, 14.75], "texture": "#1"},
				"down": {"uv": [10.1875, 14.75, 10.125, 15.75], "texture": "#1"}
			}
		},
		{
			"from": [-6.1, 14.51856, 13.06282],
			"to": [1.4, 15.21856, 17.56282],
			"rotation": {"angle": 0, "axis": "x", "origin": [-7.1, 24.51856, 7.06282]},
			"faces": {
				"north": {"uv": [14.875, 10.75, 15.8125, 10.8125], "texture": "#1"},
				"east": {"uv": [3.125, 13.125, 3.6875, 13.1875], "texture": "#1"},
				"south": {"uv": [14.875, 11.5, 15.8125, 11.5625], "texture": "#1"},
				"west": {"uv": [3.875, 13.25, 4.4375, 13.3125], "texture": "#1"},
				"up": {"uv": [12.6875, 2.9375, 11.75, 2.375], "texture": "#1"},
				"down": {"uv": [3.5625, 11.75, 2.625, 12.3125], "texture": "#1"}
			}
		},
		{
			"from": [-6.1, 3, -15.8],
			"to": [1.4, 3.7, -12.7],
			"rotation": {"angle": -22.5, "axis": "x", "origin": [-6.1, 13, -27.1]},
			"faces": {
				"north": {"uv": [15, 5.25, 15.9375, 5.3125], "texture": "#1"},
				"east": {"uv": [13, 7.875, 13.375, 7.9375], "texture": "#1"},
				"south": {"uv": [15, 5.375, 15.9375, 5.4375], "texture": "#1"},
				"west": {"uv": [2.75, 13.5, 3.125, 13.5625], "texture": "#1"},
				"up": {"uv": [13.6875, 2.75, 12.75, 2.375], "texture": "#1"},
				"down": {"uv": [3.6875, 12.75, 2.75, 13.125], "texture": "#1"}
			}
		},
		{
			"from": [-6.1, 9.21856, -10.23718],
			"to": [1.4, 9.91856, -5.73718],
			"rotation": {"angle": 0, "axis": "y", "origin": [-7.1, 19.21856, -16.23718]},
			"faces": {
				"north": {"uv": [15, 5, 15.9375, 5.0625], "texture": "#1"},
				"east": {"uv": [15, 11.875, 15.5625, 11.9375], "texture": "#1"},
				"south": {"uv": [15, 5.125, 15.9375, 5.1875], "texture": "#1"},
				"west": {"uv": [15, 12, 15.5625, 12.0625], "texture": "#1"},
				"up": {"uv": [12.9375, 7.9375, 12, 7.375], "texture": "#1"},
				"down": {"uv": [0.9375, 12.125, 0, 12.6875], "texture": "#1"}
			}
		},
		{
			"from": [-6.1, 7.69937, 1.3],
			"to": [1.4, 8.39937, 4.8],
			"rotation": {"angle": 45, "axis": "x", "origin": [-7.1, 17.69937, -0.3658]},
			"faces": {
				"north": {"uv": [15, 1.375, 15.9375, 1.4375], "texture": "#1"},
				"east": {"uv": [15, 14.375, 15.4375, 14.4375], "texture": "#1"},
				"south": {"uv": [15, 2.625, 15.9375, 2.6875], "texture": "#1"},
				"west": {"uv": [15, 14.5, 15.4375, 14.5625], "texture": "#1"},
				"up": {"uv": [13.1875, 12.8125, 12.25, 12.375], "texture": "#1"},
				"down": {"uv": [13.4375, 0, 12.5, 0.4375], "texture": "#1"}
			}
		},
		{
			"from": [-6.1, 12.99937, 24.6],
			"to": [1.4, 13.69937, 30.1],
			"rotation": {"angle": 45, "axis": "x", "origin": [-7.1, 22.99937, 22.9342]},
			"faces": {
				"north": {"uv": [14.875, 14.75, 15.8125, 14.8125], "texture": "#1"},
				"east": {"uv": [12.875, 4.75, 13.5625, 4.8125], "texture": "#1"},
				"south": {"uv": [15, 0.75, 15.9375, 0.8125], "texture": "#1"},
				"west": {"uv": [15, 7, 15.6875, 7.0625], "texture": "#1"},
				"up": {"uv": [1.5625, 12.0625, 0.625, 11.375], "texture": "#1"},
				"down": {"uv": [2.5625, 11.375, 1.625, 12.0625], "texture": "#1"}
			}
		},
		{
			"from": [-6.1, 8.3, 2.2],
			"to": [1.4, 9, 10.6],
			"rotation": {"angle": -22.5, "axis": "x", "origin": [-6.1, 18.3, -3.8]},
			"faces": {
				"north": {"uv": [14.875, 0.375, 15.8125, 0.4375], "texture": "#1"},
				"east": {"uv": [14.25, 10.25, 15.3125, 10.3125], "texture": "#1"},
				"south": {"uv": [14.875, 10.625, 15.8125, 10.6875], "texture": "#1"},
				"west": {"uv": [14.5, 8.625, 15.5625, 8.6875], "texture": "#1"},
				"up": {"uv": [8.6875, 10.8125, 7.75, 9.75], "texture": "#1"},
				"down": {"uv": [9.6875, 9.75, 8.75, 10.8125], "texture": "#1"}
			}
		},
		{
			"from": [1, 22, 0.1],
			"to": [15, 23, 14.1],
			"rotation": {"angle": 0, "axis": "y", "origin": [14, 22, 7.1]},
			"faces": {
				"north": {"uv": [8.25, 7.375, 10, 7.5], "texture": "#1"},
				"east": {"uv": [8.5, 3.5, 10.25, 3.625], "texture": "#1"},
				"south": {"uv": [9.5, 7, 11.25, 7.125], "texture": "#1"},
				"west": {"uv": [9.75, 3.125, 11.5, 3.25], "texture": "#1"},
				"up": {"uv": [4.75, 7.625, 3, 5.875], "texture": "#1"},
				"down": {"uv": [6.5, 5.875, 4.75, 7.625], "texture": "#1"}
			}
		},
		{
			"from": [1.7, 22.9, 0.1],
			"to": [14.5, 23.9, 13.5],
			"rotation": {"angle": 0, "axis": "y", "origin": [14, 22.9, 7.1]},
			"faces": {
				"north": {"uv": [11.5, 11.25, 13.125, 11.375], "texture": "#1"},
				"east": {"uv": [10, 7.375, 11.6875, 7.5], "texture": "#1"},
				"south": {"uv": [13.375, 7, 15, 7.125], "texture": "#1"},
				"west": {"uv": [10.25, 3.5, 11.9375, 3.625], "texture": "#1"},
				"up": {"uv": [1.625, 9.3125, 0, 7.625], "texture": "#1"},
				"down": {"uv": [3.25, 7.625, 1.625, 9.3125], "texture": "#1"}
			}
		},
		{
			"from": [3.4, 7.3, 3.3],
			"to": [12.7, 8.3, 9],
			"rotation": {"angle": 0, "axis": "y", "origin": [15.7, 7.3, 2.6]},
			"faces": {
				"north": {"uv": [11.5, 11.25, 13.125, 11.375], "texture": "#1"},
				"east": {"uv": [10, 7.375, 11.6875, 7.5], "texture": "#1"},
				"south": {"uv": [13.375, 7, 15, 7.125], "texture": "#1"},
				"west": {"uv": [10.25, 3.5, 11.9375, 3.625], "texture": "#1"},
				"up": {"uv": [16, 9.5, 15.5625, 7.8125], "texture": "#1"},
				"down": {"uv": [16, 7.875, 15.5625, 9.5625], "texture": "#1"}
			}
		},
		{
			"from": [3.4, 6.8, 11.44917],
			"to": [12.7, 16.4, 12.44917],
			"rotation": {"angle": 22.5, "axis": "x", "origin": [15.7, 14.21283, 11.44917]},
			"faces": {
				"north": {"uv": [16, 7.875, 15.5625, 9.5625], "rotation": 180, "texture": "#1"},
				"east": {"uv": [10, 7.375, 11.6875, 7.5], "rotation": 270, "texture": "#1"},
				"south": {"uv": [16, 9.5, 15.5625, 7.8125], "texture": "#1"},
				"west": {"uv": [10.25, 3.5, 11.9375, 3.625], "rotation": 90, "texture": "#1"},
				"up": {"uv": [11.5, 11.25, 13.125, 11.375], "rotation": 180, "texture": "#1"},
				"down": {"uv": [13.375, 7, 15, 7.125], "texture": "#1"}
			}
		},
		{
			"from": [2.8, 22.6, -1],
			"to": [13.4, 24.4, 0.4],
			"rotation": {"angle": 0, "axis": "y", "origin": [14, 22, 7.1]},
			"faces": {
				"north": {"uv": [12.25, 4.875, 13.5625, 5.125], "texture": "#1"},
				"east": {"uv": [11.125, 13.375, 11.3125, 13.625], "texture": "#1"},
				"south": {"uv": [12.75, 10.625, 14.0625, 10.875], "texture": "#1"},
				"west": {"uv": [15, 5.5, 15.1875, 5.75], "texture": "#1"},
				"up": {"uv": [14.6875, 8.3125, 13.375, 8.125], "texture": "#1"},
				"down": {"uv": [14.8125, 3.5, 13.5, 3.6875], "texture": "#1"}
			}
		},
		{
			"from": [8.92807, 8.61104, -8.9],
			"to": [13.92807, 11.61104, 1.1],
			"rotation": {"angle": -22.5, "axis": "z", "origin": [12.92807, 8.61104, -5.9]},
			"faces": {
				"north": {"uv": [6.25, 13.875, 6.875, 14.25], "texture": "#1"},
				"east": {"uv": [12.25, 11.625, 13.5, 12], "texture": "#1"},
				"south": {"uv": [6.875, 13.875, 7.5, 14.25], "texture": "#1"},
				"west": {"uv": [12.25, 12, 13.5, 12.375], "texture": "#1"},
				"up": {"uv": [10.375, 11, 9.75, 9.75], "texture": "#1"},
				"down": {"uv": [11, 9.75, 10.375, 11], "texture": "#1"}
			}
		},
		{
			"from": [1.84357, 9.7591, -8.9],
			"to": [6.84357, 12.7591, 1.1],
			"rotation": {"angle": 22.5, "axis": "z", "origin": [5.84357, 9.7591, -8.9]},
			"faces": {
				"north": {"uv": [13.875, 8.375, 14.5, 8.75], "texture": "#1"},
				"east": {"uv": [2.25, 12.375, 3.5, 12.75], "texture": "#1"},
				"south": {"uv": [9, 13.875, 9.625, 14.25], "texture": "#1"},
				"west": {"uv": [3.5, 12.375, 4.75, 12.75], "texture": "#1"},
				"up": {"uv": [3.625, 11.75, 3, 10.5], "texture": "#1"},
				"down": {"uv": [4.25, 10.5, 3.625, 11.75], "texture": "#1"}
			}
		},
		{
			"from": [3, 12, -8.9],
			"to": [13, 13, 1.1],
			"rotation": {"angle": 0, "axis": "y", "origin": [14, 12, -5.9]},
			"faces": {
				"north": {"uv": [11.25, 7, 12.5, 7.125], "texture": "#1"},
				"east": {"uv": [11.5, 9.625, 12.75, 9.75], "texture": "#1"},
				"south": {"uv": [12.625, 8.875, 13.875, 9], "texture": "#1"},
				"west": {"uv": [13.875, 13, 15.125, 13.125], "texture": "#1"},
				"up": {"uv": [9.5, 7.125, 8.25, 5.875], "texture": "#1"},
				"down": {"uv": [9.75, 2, 8.5, 3.25], "texture": "#1"}
			}
		},
		{
			"from": [3, 9.39734, -11.78447],
			"to": [13, 10.39734, -7.98447],
			"rotation": {"angle": -22.5, "axis": "x", "origin": [14, 9.39734, -14.98447]},
			"faces": {
				"north": {"uv": [14, 1.75, 15.25, 1.875], "texture": "#1"},
				"east": {"uv": [11, 10.875, 11.5, 11], "texture": "#1"},
				"south": {"uv": [14, 12.625, 15.25, 12.75], "texture": "#1"},
				"west": {"uv": [9.25, 11.5, 9.75, 11.625], "texture": "#1"},
				"up": {"uv": [12.75, 2, 11.5, 1.5], "texture": "#1"},
				"down": {"uv": [8.5, 11.5, 7.25, 12], "texture": "#1"}
			}
		},
		{
			"from": [-4.1, 1.3, 8.1],
			"to": [0.9, 11.4, 17.9],
			"rotation": {"angle": 0, "axis": "y", "origin": [-1.1, 1.3, 11.1]},
			"faces": {
				"north": {"uv": [4.25, 10.5, 4.875, 11.75], "texture": "#1"},
				"east": {"uv": [4.375, 9.25, 5.625, 10.5], "texture": "#1"},
				"south": {"uv": [4.875, 10.5, 5.5, 11.75], "texture": "#1"},
				"west": {"uv": [4.4375, 9.25, 5.6875, 10.5], "texture": "#1"},
				"up": {"uv": [11.125, 9.25, 10.5, 8], "texture": "#1"},
				"down": {"uv": [0.625, 10.625, 0, 11.875], "texture": "#1"}
			}
		},
		{
			"from": [-4.1, 1, -12.2],
			"to": [0.9, 7.5, -5.5],
			"rotation": {"angle": 0, "axis": "y", "origin": [-1.1, 1, -10.3]},
			"faces": {
				"north": {"uv": [7.625, 12, 8.25, 12.8125], "texture": "#1"},
				"east": {"uv": [6.375, 10.875, 7.25, 11.6875], "texture": "#1"},
				"south": {"uv": [12.25, 4, 12.875, 4.8125], "texture": "#1"},
				"west": {"uv": [6.375, 10.875, 7.25, 11.6875], "texture": "#1"},
				"up": {"uv": [11.625, 12.5, 11, 11.625], "texture": "#1"},
				"down": {"uv": [12.25, 11.625, 11.625, 12.5], "texture": "#1"}
			}
		},
		{
			"from": [0.8, 2.2, 2],
			"to": [0.8, 7.5, 5.8],
			"rotation": {"angle": 0, "axis": "y", "origin": [3.7, 1, 2]},
			"faces": {
				"north": {"uv": [5.875, 15, 5.9375, 15.6875], "texture": "#1"},
				"east": {"uv": [11.75, 12.5, 12.25, 13.1875], "texture": "#1"},
				"south": {"uv": [6, 15, 6.0625, 15.6875], "texture": "#1"},
				"west": {"uv": [15.5, 15.1875, 16, 15.875], "texture": "#1"},
				"up": {"uv": [9.8125, 15.5, 9.75, 15], "texture": "#1"},
				"down": {"uv": [9.9375, 15, 9.875, 15.5], "texture": "#1"}
			}
		},
		{
			"from": [0.8, 13.2, 3],
			"to": [0.8, 13.5, 4.8],
			"rotation": {"angle": 0, "axis": "y", "origin": [3.7, 7, 3]},
			"faces": {
				"north": {"uv": [5.875, 15, 5.9375, 15.6875], "texture": "#1"},
				"east": {"uv": [11.75, 12.5, 12.25, 13.1875], "texture": "#1"},
				"south": {"uv": [6, 15, 6.0625, 15.6875], "texture": "#1"},
				"west": {"uv": [15.5, 15.1875, 16, 15.875], "texture": "#1"},
				"up": {"uv": [9.8125, 15.5, 9.75, 15], "texture": "#1"},
				"down": {"uv": [9.9375, 15, 9.875, 15.5], "texture": "#1"}
			}
		},
		{
			"from": [14.8, 13.2, 3],
			"to": [14.8, 13.5, 4.8],
			"rotation": {"angle": 0, "axis": "y", "origin": [17.7, 7, 3]},
			"faces": {
				"north": {"uv": [5.875, 15, 5.9375, 15.6875], "texture": "#1"},
				"east": {"uv": [11.75, 12.5, 12.25, 13.1875], "texture": "#1"},
				"south": {"uv": [6, 15, 6.0625, 15.6875], "texture": "#1"},
				"west": {"uv": [15.5, 15.1875, 16, 15.875], "texture": "#1"},
				"up": {"uv": [9.8125, 15.5, 9.75, 15], "texture": "#1"},
				"down": {"uv": [9.9375, 15, 9.875, 15.5], "texture": "#1"}
			}
		},
		{
			"from": [15.8, 2.2, 2],
			"to": [15.8, 7.5, 5.8],
			"rotation": {"angle": 0, "axis": "y", "origin": [18.7, 1, 2]},
			"faces": {
				"north": {"uv": [5.875, 15, 5.9375, 15.6875], "texture": "#1"},
				"east": {"uv": [15.5, 15.1875, 16, 15.875], "texture": "#1"},
				"south": {"uv": [6, 15, 6.0625, 15.6875], "texture": "#1"},
				"west": {"uv": [15.5, 15.1875, 16, 15.875], "texture": "#1"},
				"up": {"uv": [9.8125, 15.5, 9.75, 15], "texture": "#1"},
				"down": {"uv": [9.9375, 15, 9.875, 15.5], "texture": "#1"}
			}
		},
		{
			"from": [-15, 9, 21],
			"to": [31, 11, 23],
			"rotation": {"angle": 0, "axis": "y", "origin": [0, 9, 21]},
			"faces": {
				"north": {"uv": [8.25, 7.125, 14, 7.375], "texture": "#1"},
				"east": {"uv": [8.25, 12, 8.5, 12.25], "texture": "#1"},
				"south": {"uv": [8.5, 3.25, 14.25, 3.5], "texture": "#1"},
				"west": {"uv": [12.5, 3, 12.75, 3.25], "texture": "#1"},
				"up": {"uv": [14.75, 5.375, 9, 5.125], "texture": "#1"},
				"down": {"uv": [14.75, 5.375, 9, 5.625], "texture": "#1"}
			}
		},
		{
			"from": [-15, 7.8, 22.6],
			"to": [31, 9.8, 28.2],
			"rotation": {"angle": 0, "axis": "y", "origin": [0, 7.8, 22.6]},
			"faces": {
				"north": {"uv": [9, 5.625, 14.75, 5.875], "texture": "#1"},
				"east": {"uv": [14.25, 11.625, 14.9375, 11.875], "texture": "#1"},
				"south": {"uv": [5.75, 9.25, 11.5, 9.5], "texture": "#1"},
				"west": {"uv": [14.25, 11.875, 14.9375, 12.125], "texture": "#1"},
				"up": {"uv": [9, 5.8125, 3.25, 5.125], "texture": "#1"},
				"down": {"uv": [11.5, 0, 5.75, 0.6875], "texture": "#1"}
			}
		},
		{
			"from": [-15, 8.38579, 26.8],
			"to": [31, 10.38579, 32],
			"rotation": {"angle": 45, "axis": "x", "origin": [0, 8.38579, 26.78579]},
			"faces": {
				"north": {"uv": [5.75, 9.5, 11.5, 9.75], "texture": "#1"},
				"east": {"uv": [6.625, 11.75, 7.25, 12], "texture": "#1"},
				"south": {"uv": [9.5, 5.875, 15.25, 6.125], "texture": "#1"},
				"west": {"uv": [0, 11.875, 0.625, 12.125], "texture": "#1"},
				"up": {"uv": [11.5, 1.375, 5.75, 0.75], "texture": "#1"},
				"down": {"uv": [11.5, 1.375, 5.75, 2], "texture": "#1"}
			}
		},
		{
			"from": [-15, 1.23154, 20.45237],
			"to": [31, 9.43154, 22.45237],
			"rotation": {"angle": 22.5, "axis": "x", "origin": [0, 4.21733, 22.45237]},
			"faces": {
				"north": {"uv": [0, 0, 5.75, 1], "texture": "#1"},
				"east": {"uv": [3, 9.375, 3.25, 10.375], "texture": "#1"},
				"south": {"uv": [0, 1, 5.75, 2], "texture": "#1"},
				"west": {"uv": [2.625, 10.625, 2.875, 11.625], "texture": "#1"},
				"up": {"uv": [15.25, 6.375, 9.5, 6.125], "texture": "#1"},
				"down": {"uv": [15.25, 6.375, 9.5, 6.625], "texture": "#1"}
			}
		},
		{
			"from": [-13, 1.33154, 23.35237],
			"to": [-12, 7.33154, 29.35237],
			"rotation": {"angle": -45, "axis": "x", "origin": [1, 3.21733, 27.35237]},
			"faces": {
				"north": {"uv": [2.875, 10.625, 3, 11.375], "texture": "#1"},
				"east": {"uv": [8.5, 11.5, 9.25, 12.25], "texture": "#1"},
				"south": {"uv": [6.125, 14.75, 6.25, 15.5], "texture": "#1"},
				"west": {"uv": [9.25, 11.625, 10, 12.375], "texture": "#1"},
				"up": {"uv": [6.375, 15.5, 6.25, 14.75], "texture": "#1"},
				"down": {"uv": [6.5, 14.75, 6.375, 15.5], "texture": "#1"}
			}
		},
		{
			"from": [-10, 1.33154, 23.35237],
			"to": [-9, 7.33154, 29.35237],
			"rotation": {"angle": -45, "axis": "x", "origin": [4, 3.21733, 27.35237]},
			"faces": {
				"north": {"uv": [2.875, 10.625, 3, 11.375], "texture": "#1"},
				"east": {"uv": [8.5, 11.5, 9.25, 12.25], "texture": "#1"},
				"south": {"uv": [6.125, 14.75, 6.25, 15.5], "texture": "#1"},
				"west": {"uv": [9.25, 11.625, 10, 12.375], "texture": "#1"},
				"up": {"uv": [6.375, 15.5, 6.25, 14.75], "texture": "#1"},
				"down": {"uv": [6.5, 14.75, 6.375, 15.5], "texture": "#1"}
			}
		},
		{
			"from": [-7, 1.33154, 23.35237],
			"to": [-6, 7.33154, 29.35237],
			"rotation": {"angle": -45, "axis": "x", "origin": [7, 3.21733, 27.35237]},
			"faces": {
				"north": {"uv": [2.875, 10.625, 3, 11.375], "texture": "#1"},
				"east": {"uv": [8.5, 11.5, 9.25, 12.25], "texture": "#1"},
				"south": {"uv": [6.125, 14.75, 6.25, 15.5], "texture": "#1"},
				"west": {"uv": [9.25, 11.625, 10, 12.375], "texture": "#1"},
				"up": {"uv": [6.375, 15.5, 6.25, 14.75], "texture": "#1"},
				"down": {"uv": [6.5, 14.75, 6.375, 15.5], "texture": "#1"}
			}
		},
		{
			"from": [-4, 1.33154, 23.35237],
			"to": [-3, 7.33154, 29.35237],
			"rotation": {"angle": -45, "axis": "x", "origin": [10, 3.21733, 27.35237]},
			"faces": {
				"north": {"uv": [2.875, 10.625, 3, 11.375], "texture": "#1"},
				"east": {"uv": [8.5, 11.5, 9.25, 12.25], "texture": "#1"},
				"south": {"uv": [6.125, 14.75, 6.25, 15.5], "texture": "#1"},
				"west": {"uv": [9.25, 11.625, 10, 12.375], "texture": "#1"},
				"up": {"uv": [6.375, 15.5, 6.25, 14.75], "texture": "#1"},
				"down": {"uv": [6.5, 14.75, 6.375, 15.5], "texture": "#1"}
			}
		},
		{
			"from": [-1, 1.33154, 23.35237],
			"to": [0, 7.33154, 29.35237],
			"rotation": {"angle": -45, "axis": "x", "origin": [13, 3.21733, 27.35237]},
			"faces": {
				"north": {"uv": [2.875, 10.625, 3, 11.375], "texture": "#1"},
				"east": {"uv": [8.5, 11.5, 9.25, 12.25], "texture": "#1"},
				"south": {"uv": [6.125, 14.75, 6.25, 15.5], "texture": "#1"},
				"west": {"uv": [9.25, 11.625, 10, 12.375], "texture": "#1"},
				"up": {"uv": [6.375, 15.5, 6.25, 14.75], "texture": "#1"},
				"down": {"uv": [6.5, 14.75, 6.375, 15.5], "texture": "#1"}
			}
		},
		{
			"from": [2, 1.33154, 23.35237],
			"to": [3, 7.33154, 29.35237],
			"rotation": {"angle": -45, "axis": "x", "origin": [16, 3.21733, 27.35237]},
			"faces": {
				"north": {"uv": [2.875, 10.625, 3, 11.375], "texture": "#1"},
				"east": {"uv": [8.5, 11.5, 9.25, 12.25], "texture": "#1"},
				"south": {"uv": [6.125, 14.75, 6.25, 15.5], "texture": "#1"},
				"west": {"uv": [9.25, 11.625, 10, 12.375], "texture": "#1"},
				"up": {"uv": [6.375, 15.5, 6.25, 14.75], "texture": "#1"},
				"down": {"uv": [6.5, 14.75, 6.375, 15.5], "texture": "#1"}
			}
		},
		{
			"from": [5, 1.33154, 23.35237],
			"to": [6, 7.33154, 29.35237],
			"rotation": {"angle": -45, "axis": "x", "origin": [19, 3.21733, 27.35237]},
			"faces": {
				"north": {"uv": [2.875, 10.625, 3, 11.375], "texture": "#1"},
				"east": {"uv": [8.5, 11.5, 9.25, 12.25], "texture": "#1"},
				"south": {"uv": [6.125, 14.75, 6.25, 15.5], "texture": "#1"},
				"west": {"uv": [9.25, 11.625, 10, 12.375], "texture": "#1"},
				"up": {"uv": [6.375, 15.5, 6.25, 14.75], "texture": "#1"},
				"down": {"uv": [6.5, 14.75, 6.375, 15.5], "texture": "#1"}
			}
		},
		{
			"from": [8.5, 1.33154, 23.35237],
			"to": [9.5, 7.33154, 29.35237],
			"rotation": {"angle": -45, "axis": "x", "origin": [22.5, 3.21733, 27.35237]},
			"faces": {
				"north": {"uv": [2.875, 10.625, 3, 11.375], "texture": "#1"},
				"east": {"uv": [8.5, 11.5, 9.25, 12.25], "texture": "#1"},
				"south": {"uv": [6.125, 14.75, 6.25, 15.5], "texture": "#1"},
				"west": {"uv": [9.25, 11.625, 10, 12.375], "texture": "#1"},
				"up": {"uv": [6.375, 15.5, 6.25, 14.75], "texture": "#1"},
				"down": {"uv": [6.5, 14.75, 6.375, 15.5], "texture": "#1"}
			}
		},
		{
			"from": [12, 1.33154, 23.35237],
			"to": [13, 7.33154, 29.35237],
			"rotation": {"angle": -45, "axis": "x", "origin": [26, 3.21733, 27.35237]},
			"faces": {
				"north": {"uv": [2.875, 10.625, 3, 11.375], "texture": "#1"},
				"east": {"uv": [8.5, 11.5, 9.25, 12.25], "texture": "#1"},
				"south": {"uv": [6.125, 14.75, 6.25, 15.5], "texture": "#1"},
				"west": {"uv": [9.25, 11.625, 10, 12.375], "texture": "#1"},
				"up": {"uv": [6.375, 15.5, 6.25, 14.75], "texture": "#1"},
				"down": {"uv": [6.5, 14.75, 6.375, 15.5], "texture": "#1"}
			}
		},
		{
			"from": [15, 1.33154, 23.35237],
			"to": [16, 7.33154, 29.35237],
			"rotation": {"angle": -45, "axis": "x", "origin": [29, 3.21733, 27.35237]},
			"faces": {
				"north": {"uv": [2.875, 10.625, 3, 11.375], "texture": "#1"},
				"east": {"uv": [8.5, 11.5, 9.25, 12.25], "texture": "#1"},
				"south": {"uv": [6.125, 14.75, 6.25, 15.5], "texture": "#1"},
				"west": {"uv": [9.25, 11.625, 10, 12.375], "texture": "#1"},
				"up": {"uv": [6.375, 15.5, 6.25, 14.75], "texture": "#1"},
				"down": {"uv": [6.5, 14.75, 6.375, 15.5], "texture": "#1"}
			}
		},
		{
			"from": [18, 1.33154, 23.35237],
			"to": [19, 7.33154, 29.35237],
			"rotation": {"angle": -45, "axis": "x", "origin": [32, 3.21733, 27.35237]},
			"faces": {
				"north": {"uv": [2.875, 10.625, 3, 11.375], "texture": "#1"},
				"east": {"uv": [8.5, 11.5, 9.25, 12.25], "texture": "#1"},
				"south": {"uv": [6.125, 14.75, 6.25, 15.5], "texture": "#1"},
				"west": {"uv": [9.25, 11.625, 10, 12.375], "texture": "#1"},
				"up": {"uv": [6.375, 15.5, 6.25, 14.75], "texture": "#1"},
				"down": {"uv": [6.5, 14.75, 6.375, 15.5], "texture": "#1"}
			}
		},
		{
			"from": [24, 1.33154, 23.35237],
			"to": [25, 7.33154, 29.35237],
			"rotation": {"angle": -45, "axis": "x", "origin": [38, 3.21733, 27.35237]},
			"faces": {
				"north": {"uv": [2.875, 10.625, 3, 11.375], "texture": "#1"},
				"east": {"uv": [8.5, 11.5, 9.25, 12.25], "texture": "#1"},
				"south": {"uv": [6.125, 14.75, 6.25, 15.5], "texture": "#1"},
				"west": {"uv": [9.25, 11.625, 10, 12.375], "texture": "#1"},
				"up": {"uv": [6.375, 15.5, 6.25, 14.75], "texture": "#1"},
				"down": {"uv": [6.5, 14.75, 6.375, 15.5], "texture": "#1"}
			}
		},
		{
			"from": [27, 1.33154, 23.35237],
			"to": [28, 7.33154, 29.35237],
			"rotation": {"angle": -45, "axis": "x", "origin": [41, 3.21733, 27.35237]},
			"faces": {
				"north": {"uv": [2.875, 10.625, 3, 11.375], "texture": "#1"},
				"east": {"uv": [8.5, 11.5, 9.25, 12.25], "texture": "#1"},
				"south": {"uv": [6.125, 14.75, 6.25, 15.5], "texture": "#1"},
				"west": {"uv": [9.25, 11.625, 10, 12.375], "texture": "#1"},
				"up": {"uv": [6.375, 15.5, 6.25, 14.75], "texture": "#1"},
				"down": {"uv": [6.5, 14.75, 6.375, 15.5], "texture": "#1"}
			}
		},
		{
			"from": [21, 1.33154, 23.35237],
			"to": [22, 7.33154, 29.35237],
			"rotation": {"angle": -45, "axis": "x", "origin": [35, 3.21733, 27.35237]},
			"faces": {
				"north": {"uv": [2.875, 10.625, 3, 11.375], "texture": "#1"},
				"east": {"uv": [8.5, 11.5, 9.25, 12.25], "texture": "#1"},
				"south": {"uv": [6.125, 14.75, 6.25, 15.5], "texture": "#1"},
				"west": {"uv": [9.25, 11.625, 10, 12.375], "texture": "#1"},
				"up": {"uv": [6.375, 15.5, 6.25, 14.75], "texture": "#1"},
				"down": {"uv": [6.5, 14.75, 6.375, 15.5], "texture": "#1"}
			}
		},
		{
			"from": [-14, 4.33154, 25.35237],
			"to": [30, 8.33154, 29.35237],
			"rotation": {"angle": -45, "axis": "x", "origin": [0, 4.21733, 27.35237]},
			"faces": {
				"north": {"uv": [6.75, 3.625, 12.25, 4.125], "texture": "#1"},
				"east": {"uv": [7, 13.375, 7.5, 13.875], "texture": "#1"},
				"south": {"uv": [6.75, 4.125, 12.25, 4.625], "texture": "#1"},
				"west": {"uv": [13.5, 2.75, 14, 3.25], "texture": "#1"},
				"up": {"uv": [12.25, 5.125, 6.75, 4.625], "texture": "#1"},
				"down": {"uv": [12, 7.5, 6.5, 8], "texture": "#1"}
			}
		},
		{
			"from": [2, 9.6, 17],
			"to": [6.3, 10.1, 21],
			"rotation": {"angle": 0, "axis": "y", "origin": [0, 9, 21]},
			"faces": {
				"north": {"uv": [15, 12.125, 15.5625, 12.1875], "texture": "#1"},
				"east": {"uv": [1.75, 12.625, 2.25, 12.6875], "texture": "#1"},
				"south": {"uv": [15, 12.25, 15.5625, 12.3125], "texture": "#1"},
				"west": {"uv": [13.375, 8.375, 13.875, 8.4375], "texture": "#1"},
				"up": {"uv": [11.0625, 13.875, 10.5, 13.375], "texture": "#1"},
				"down": {"uv": [14.0625, 0, 13.5, 0.5], "texture": "#1"}
			}
		},
		{
			"from": [9.7, 9.6, 17],
			"to": [14, 10.1, 21],
			"rotation": {"angle": 0, "axis": "y", "origin": [7.7, 9, 21]},
			"faces": {
				"north": {"uv": [13, 15, 13.5625, 15.0625], "texture": "#1"},
				"east": {"uv": [10.25, 15, 10.75, 15.0625], "texture": "#1"},
				"south": {"uv": [13.625, 15, 14.1875, 15.0625], "texture": "#1"},
				"west": {"uv": [15, 14.125, 15.5, 14.1875], "texture": "#1"},
				"up": {"uv": [2.0625, 14, 1.5, 13.5], "texture": "#1"},
				"down": {"uv": [2.6875, 13.5, 2.125, 14], "texture": "#1"}
			}
		}
	],
	"display": {
		"thirdperson_righthand": {
			"rotation": [42, 67, 0],
			"scale": [0.4, 0.4, 0.4]
		},
		"firstperson_righthand": {
			"scale": [0.4, 0.4, 0.4]
		},
		"firstperson_lefthand": {
			"scale": [0.4, 0.4, 0.4]
		},
		"gui": {
			"rotation": [78.97, 53.75, -81.09],
			"scale": [1, 0.44336, 0.33398]
		},
		"head": {
			"translation": [0, -16.25, 0],
			"scale": [3.54492, 3.27539, 3.42383]
		}
	}
}